0,1,2,3,4,5,6,7,8,9,10,11,12,13,14,15,16,17,18,19,20,21,22,23,24,25,26,27,28,29,30,31,32,33,34,35,36,37,38,PriceList0,PriceList1,PriceList2,PriceList3,PriceList4,PriceList5,PriceList6,PriceList7,PriceList8,PriceList9,PriceList10,PriceList11,PriceList12,PriceList13,PriceList14,PriceList15,PriceList16,PriceList17,
92166S,SMTH PIQ MULBERY,FJPFSH,067300,61052010,00,10116,8M,67,EA,EA,1,1,0.25,4.0,AWAIT CATEGORY,LCHTYAB,FJAP,USProdStr,92166S,,B,China,RWEAR,18,1,95,10.81,,,,,,,,,,,,999.99,999.99,999.99,999.99,999.99,999.99,999.99,999.99,999.99,999.99,999.99,999.99,999.99,999.99,999.99,999.99,999.99,999.99,
92166M,SMTH PIQ MULBERY,FJPFSH,067300,61052010,00,10116,8M,67,EA,EA,1,1,0.25,4.0,AWAIT CATEGORY,LCHTYAC,FJAP,USProdStr,92166M,,B,China,RWEAR,18,1,95,10.81,,,,,,,,,,,,999.99,999.99,999.99,999.99,999.99,999.99,999.99,999.99,999.99,999.99,999.99,999.99,999.99,999.99,999.99,999.99,999.99,999.99,
92166L,SMTH PIQ MULBERY,FJPFSH,067300,61052010,00,10116,8M,67,EA,EA,1,1,0.25,4.0,AWAIT CATEGORY,LCHTYAD,FJAP,USProdStr,92166L,,B,China,RWEAR,18,1,95,10.81,,,,,,,,,,,,999.99,999.99,999.99,999.99,999.99,999.99,999.99,999.99,999.99,999.99,999.99,999.99,999.99,999.99,999.99,999.99,999.99,999.99,
92166XL,SMTH PIQ MULBERY,FJPFSH,067300,61052010,00,10116,8M,67,EA,EA,1,1,0.25,4.0,AWAIT CATEGORY,LCHTYAE,FJAP,USProdStr,92166XL,,B,China,RWEAR,18,1,95,10.81,,,,,,,,,,,,999.99,999.99,999.99,999.99,999.99,999.99,999.99,999.99,999.99,999.99,999.99,999.99,999.99,999.99,999.99,999.99,999.99,999.99,
92166XXL,SMTH PIQ MULBERY,FJPFSH,067300,61052010,00,10116,8M,67,EA,EA,1,1,0.25,4.0,AWAIT CATEGORY,LCHTYAF,FJAP,USProdStr,92166XXL,,B,China,RWEAR,18,1,95,10.81,,,,,,,,,,,,999.99,999.99,999.99,999.99,999.99,999.99,999.99,999.99,999.99,999.99,999.99,999.99,999.99,999.99,999.99,999.99,999.99,999.99,
92167S,SMTH PIQ INDIGO/CORAL,FJPFSH,067300,61052010,00,10116,8M,67,EA,EA,1,1,0.25,4.0,AWAIT CATEGORY,LCHTZAB,FJAP,USProdStr,92167S,,B,China,RWEAR,18,1,95,10.81,,,,,,,,,,,,999.99,999.99,999.99,999.99,999.99,999.99,999.99,999.99,999.99,999.99,999.99,999.99,999.99,999.99,999.99,999.99,999.99,999.99,
92167M,SMTH PIQ INDIGO/CORAL,FJPFSH,067300,61052010,00,10116,8M,67,EA,EA,1,1,0.25,4.0,AWAIT CATEGORY,LCHTZAC,FJAP,USProdStr,92167M,,B,China,RWEAR,18,1,95,10.81,,,,,,,,,,,,999.99,999.99,999.99,999.99,999.99,999.99,999.99,999.99,999.99,999.99,999.99,999.99,999.99,999.99,999.99,999.99,999.99,999.99,
92167L,SMTH PIQ INDIGO/CORAL,FJPFSH,067300,61052010,00,10116,8M,67,EA,EA,1,1,0.25,4.0,AWAIT CATEGORY,LCHTZAD,FJAP,USProdStr,92167L,,B,China,RWEAR,18,1,95,10.81,,,,,,,,,,,,999.99,999.99,999.99,999.99,999.99,999.99,999.99,999.99,999.99,999.99,999.99,999.99,999.99,999.99,999.99,999.99,999.99,999.99,
92167XL,SMTH PIQ INDIGO/CORAL,FJPFSH,067300,61052010,00,10116,8M,67,EA,EA,1,1,0.25,4.0,AWAIT CATEGORY,LCHTZAE,FJAP,USProdStr,92167XL,,B,China,RWEAR,18,1,95,10.81,,,,,,,,,,,,999.99,999.99,999.99,999.99,999.99,999.99,999.99,999.99,999.99,999.99,999.99,999.99,999.99,999.99,999.99,999.99,999.99,999.99,
92167XXL,SMTH PIQ INDIGO/CORAL,FJPFSH,067300,61052010,00,10116,8M,67,EA,EA,1,1,0.25,4.0,AWAIT CATEGORY,LCHTZAF,FJAP,USProdStr,92167XXL,,B,China,RWEAR,18,1,95,10.81,,,,,,,,,,,,999.99,999.99,999.99,999.99,999.99,999.99,999.99,999.99,999.99,999.99,999.99,999.99,999.99,999.99,999.99,999.99,999.99,999.99,
92168S,LSLE SPACEDYE WHT/CHA MLB,FJPFSH,067300,61052010,00,10116,8M,67,EA,EA,1,1,0.25,4.0,AWAIT CATEGORY,LCHUAAB,FJAP,USProdStr,92168S,,B,China,RWEAR,18,1,95,12.45,,,,,,,,,,,,999.99,999.99,999.99,999.99,999.99,999.99,999.99,999.99,999.99,999.99,999.99,999.99,999.99,999.99,999.99,999.99,999.99,999.99,
92168M,LSLE SPACEDYE WHT/CHA MLB,FJPFSH,067300,61052010,00,10116,8M,67,EA,EA,1,1,0.25,4.0,AWAIT CATEGORY,LCHUAAC,FJAP,USProdStr,92168M,,B,China,RWEAR,18,1,95,12.45,,,,,,,,,,,,999.99,999.99,999.99,999.99,999.99,999.99,999.99,999.99,999.99,999.99,999.99,999.99,999.99,999.99,999.99,999.99,999.99,999.99,
92168L,LSLE SPACEDYE WHT/CHA MLB,FJPFSH,067300,61052010,00,10116,8M,67,EA,EA,1,1,0.25,4.0,AWAIT CATEGORY,LCHUAAD,FJAP,USProdStr,92168L,,B,China,RWEAR,18,1,95,12.45,,,,,,,,,,,,999.99,999.99,999.99,999.99,999.99,999.99,999.99,999.99,999.99,999.99,999.99,999.99,999.99,999.99,999.99,999.99,999.99,999.99,
92168XL,LSLE SPACEDYE WHT/CHA MLB,FJPFSH,067300,61052010,00,10116,8M,67,EA,EA,1,1,0.25,4.0,AWAIT CATEGORY,LCHUAAE,FJAP,USProdStr,92168XL,,B,China,RWEAR,18,1,95,12.45,,,,,,,,,,,,999.99,999.99,999.99,999.99,999.99,999.99,999.99,999.99,999.99,999.99,999.99,999.99,999.99,999.99,999.99,999.99,999.99,999.99,
92168XXL,LSLE SPACEDYE WHT/CHA MLB,FJPFSH,067300,61052010,00,10116,8M,67,EA,EA,1,1,0.25,4.0,AWAIT CATEGORY,LCHUAAF,FJAP,USProdStr,92168XXL,,B,China,RWEAR,18,1,95,12.45,,,,,,,,,,,,999.99,999.99,999.99,999.99,999.99,999.99,999.99,999.99,999.99,999.99,999.99,999.99,999.99,999.99,999.99,999.99,999.99,999.99,
92169S,LSLE SPACEDYE WHT/IND COR,FJPFSH,067300,61052010,00,10116,8M,67,EA,EA,1,1,0.25,4.0,AWAIT CATEGORY,LCHUBAB,FJAP,USProdStr,92169S,,B,China,RWEAR,18,1,95,12.45,,,,,,,,,,,,999.99,999.99,999.99,999.99,999.99,999.99,999.99,999.99,999.99,999.99,999.99,999.99,999.99,999.99,999.99,999.99,999.99,999.99,
92169M,LSLE SPACEDYE WHT/IND COR,FJPFSH,067300,61052010,00,10116,8M,67,EA,EA,1,1,0.25,4.0,AWAIT CATEGORY,LCHUBAC,FJAP,USProdStr,92169M,,B,China,RWEAR,18,1,95,12.45,,,,,,,,,,,,999.99,999.99,999.99,999.99,999.99,999.99,999.99,999.99,999.99,999.99,999.99,999.99,999.99,999.99,999.99,999.99,999.99,999.99,
92169L,LSLE SPACEDYE WHT/IND COR,FJPFSH,067300,61052010,00,10116,8M,67,EA,EA,1,1,0.25,4.0,AWAIT CATEGORY,LCHUBAD,FJAP,USProdStr,92169L,,B,China,RWEAR,18,1,95,12.45,,,,,,,,,,,,999.99,999.99,999.99,999.99,999.99,999.99,999.99,999.99,999.99,999.99,999.99,999.99,999.99,999.99,999.99,999.99,999.99,999.99,
92169XL,LSLE SPACEDYE WHT/IND COR,FJPFSH,067300,61052010,00,10116,8M,67,EA,EA,1,1,0.25,4.0,AWAIT CATEGORY,LCHUBAE,FJAP,USProdStr,92169XL,,B,China,RWEAR,18,1,95,12.45,,,,,,,,,,,,999.99,999.99,999.99,999.99,999.99,999.99,999.99,999.99,999.99,999.99,999.99,999.99,999.99,999.99,999.99,999.99,999.99,999.99,
92169XXL,LSLE SPACEDYE WHT/IND COR,FJPFSH,067300,61052010,00,10116,8M,67,EA,EA,1,1,0.25,4.0,AWAIT CATEGORY,LCHUBAF,FJAP,USProdStr,92169XXL,,B,China,RWEAR,18,1,95,12.45,,,,,,,,,,,,999.99,999.99,999.99,999.99,999.99,999.99,999.99,999.99,999.99,999.99,999.99,999.99,999.99,999.99,999.99,999.99,999.99,999.99,
92179S,PIQ C.BLCK BLK/WHT/CHA,FJPFSH,067300,61052010,00,10116,8M,67,EA,EA,1,1,0.25,4.0,AWAIT CATEGORY,LCHUCAB,FJAP,USProdStr,92179S,,B,China,RWEAR,18,1,95,12.83,,,,,,,,,,,,999.99,999.99,999.99,999.99,999.99,999.99,999.99,999.99,999.99,999.99,999.99,999.99,999.99,999.99,999.99,999.99,999.99,999.99,
92179M,PIQ C.BLCK BLK/WHT/CHA,FJPFSH,067300,61052010,00,10116,8M,67,EA,EA,1,1,0.25,4.0,AWAIT CATEGORY,LCHUCAC,FJAP,USProdStr,92179M,,B,China,RWEAR,18,1,95,12.83,,,,,,,,,,,,999.99,999.99,999.99,999.99,999.99,999.99,999.99,999.99,999.99,999.99,999.99,999.99,999.99,999.99,999.99,999.99,999.99,999.99,
92179L,PIQ C.BLCK BLK/WHT/CHA,FJPFSH,067300,61052010,00,10116,8M,67,EA,EA,1,1,0.25,4.0,AWAIT CATEGORY,LCHUCAD,FJAP,USProdStr,92179L,,B,China,RWEAR,18,1,95,12.83,,,,,,,,,,,,999.99,999.99,999.99,999.99,999.99,999.99,999.99,999.99,999.99,999.99,999.99,999.99,999.99,999.99,999.99,999.99,999.99,999.99,
92179XL,PIQ C.BLCK BLK/WHT/CHA,FJPFSH,067300,61052010,00,10116,8M,67,EA,EA,1,1,0.25,4.0,AWAIT CATEGORY,LCHUCAE,FJAP,USProdStr,92179XL,,B,China,RWEAR,18,1,95,12.83,,,,,,,,,,,,999.99,999.99,999.99,999.99,999.99,999.99,999.99,999.99,999.99,999.99,999.99,999.99,999.99,999.99,999.99,999.99,999.99,999.99,
92179XXL,PIQ C.BLCK BLK/WHT/CHA,FJPFSH,067300,61052010,00,10116,8M,67,EA,EA,1,1,0.25,4.0,AWAIT CATEGORY,LCHUCAF,FJAP,USProdStr,92179XXL,,B,China,RWEAR,18,1,95,12.83,,,,,,,,,,,,999.99,999.99,999.99,999.99,999.99,999.99,999.99,999.99,999.99,999.99,999.99,999.99,999.99,999.99,999.99,999.99,999.99,999.99,
92180S,PIQ C.BLCK H.GRY/WHT/COR,FJPFSH,067300,61052010,00,10116,8M,67,EA,EA,1,1,0.25,4.0,AWAIT CATEGORY,LCHUDAB,FJAP,USProdStr,92180S,,B,China,RWEAR,18,1,95,12.83,,,,,,,,,,,,999.99,999.99,999.99,999.99,999.99,999.99,999.99,999.99,999.99,999.99,999.99,999.99,999.99,999.99,999.99,999.99,999.99,999.99,
92180M,PIQ C.BLCK H.GRY/WHT/COR,FJPFSH,067300,61052010,00,10116,8M,67,EA,EA,1,1,0.25,4.0,AWAIT CATEGORY,LCHUDAC,FJAP,USProdStr,92180M,,B,China,RWEAR,18,1,95,12.83,,,,,,,,,,,,999.99,999.99,999.99,999.99,999.99,999.99,999.99,999.99,999.99,999.99,999.99,999.99,999.99,999.99,999.99,999.99,999.99,999.99,
92180L,PIQ C.BLCK H.GRY/WHT/COR,FJPFSH,067300,61052010,00,10116,8M,67,EA,EA,1,1,0.25,4.0,AWAIT CATEGORY,LCHUDAD,FJAP,USProdStr,92180L,,B,China,RWEAR,18,1,95,12.83,,,,,,,,,,,,999.99,999.99,999.99,999.99,999.99,999.99,999.99,999.99,999.99,999.99,999.99,999.99,999.99,999.99,999.99,999.99,999.99,999.99,
92180XL,PIQ C.BLCK H.GRY/WHT/COR,FJPFSH,067300,61052010,00,10116,8M,67,EA,EA,1,1,0.25,4.0,AWAIT CATEGORY,LCHUDAE,FJAP,USProdStr,92180XL,,B,China,RWEAR,18,1,95,12.83,,,,,,,,,,,,999.99,999.99,999.99,999.99,999.99,999.99,999.99,999.99,999.99,999.99,999.99,999.99,999.99,999.99,999.99,999.99,999.99,999.99,
92180XXL,PIQ C.BLCK H.GRY/WHT/COR,FJPFSH,067300,61052010,00,10116,8M,67,EA,EA,1,1,0.25,4.0,AWAIT CATEGORY,LCHUDAF,FJAP,USProdStr,92180XXL,,B,China,RWEAR,18,1,95,12.83,,,,,,,,,,,,999.99,999.99,999.99,999.99,999.99,999.99,999.99,999.99,999.99,999.99,999.99,999.99,999.99,999.99,999.99,999.99,999.99,999.99,
92400S,SMTH PIQ COL/S.STRPS WHT/MUL,FJPFSH,067300,61052010,00,10116,8M,67,EA,EA,1,1,0.25,4.0,AWAIT CATEGORY,LCHUEAB,FJAP,USProdStr,92400S,,B,China,RWEAR,18,1,95,10.54,,,,,,,,,,,,999.99,999.99,999.99,999.99,999.99,999.99,999.99,999.99,999.99,999.99,999.99,999.99,999.99,999.99,999.99,999.99,999.99,999.99,
92400M,SMTH PIQ COL/S.STRPS WHT/MUL,FJPFSH,067300,61052010,00,10116,8M,67,EA,EA,1,1,0.25,4.0,AWAIT CATEGORY,LCHUEAC,FJAP,USProdStr,92400M,,B,China,RWEAR,18,1,95,10.54,,,,,,,,,,,,999.99,999.99,999.99,999.99,999.99,999.99,999.99,999.99,999.99,999.99,999.99,999.99,999.99,999.99,999.99,999.99,999.99,999.99,
92400L,SMTH PIQ COL/S.STRPS WHT/MUL,FJPFSH,067300,61052010,00,10116,8M,67,EA,EA,1,1,0.25,4.0,AWAIT CATEGORY,LCHUEAD,FJAP,USProdStr,92400L,,B,China,RWEAR,18,1,95,10.54,,,,,,,,,,,,999.99,999.99,999.99,999.99,999.99,999.99,999.99,999.99,999.99,999.99,999.99,999.99,999.99,999.99,999.99,999.99,999.99,999.99,
92400XL,SMTH PIQ COL/S.STRPS WHT/MUL,FJPFSH,067300,61052010,00,10116,8M,67,EA,EA,1,1,0.25,4.0,AWAIT CATEGORY,LCHUEAE,FJAP,USProdStr,92400XL,,B,China,RWEAR,18,1,95,10.54,,,,,,,,,,,,999.99,999.99,999.99,999.99,999.99,999.99,999.99,999.99,999.99,999.99,999.99,999.99,999.99,999.99,999.99,999.99,999.99,999.99,
92400XXL,SMTH PIQ COL/S.STRPS WHT/MUL,FJPFSH,067300,61052010,00,10116,8M,67,EA,EA,1,1,0.25,4.0,AWAIT CATEGORY,LCHUEAF,FJAP,USProdStr,92400XXL,,B,China,RWEAR,18,1,95,10.54,,,,,,,,,,,,999.99,999.99,999.99,999.99,999.99,999.99,999.99,999.99,999.99,999.99,999.99,999.99,999.99,999.99,999.99,999.99,999.99,999.99,
92401S,SMTH PIQ COL/S.STRPS COR/IND,FJPFSH,067300,61052010,00,10116,8M,67,EA,EA,1,1,0.25,4.0,AWAIT CATEGORY,LCHUFAB,FJAP,USProdStr,92401S,,B,China,RWEAR,18,1,95,10.54,,,,,,,,,,,,999.99,999.99,999.99,999.99,999.99,999.99,999.99,999.99,999.99,999.99,999.99,999.99,999.99,999.99,999.99,999.99,999.99,999.99,
92401M,SMTH PIQ COL/S.STRPS COR/IND,FJPFSH,067300,61052010,00,10116,8M,67,EA,EA,1,1,0.25,4.0,AWAIT CATEGORY,LCHUFAC,FJAP,USProdStr,92401M,,B,China,RWEAR,18,1,95,10.54,,,,,,,,,,,,999.99,999.99,999.99,999.99,999.99,999.99,999.99,999.99,999.99,999.99,999.99,999.99,999.99,999.99,999.99,999.99,999.99,999.99,
92401L,SMTH PIQ COL/S.STRPS COR/IND,FJPFSH,067300,61052010,00,10116,8M,67,EA,EA,1,1,0.25,4.0,AWAIT CATEGORY,LCHUFAD,FJAP,USProdStr,92401L,,B,China,RWEAR,18,1,95,10.54,,,,,,,,,,,,999.99,999.99,999.99,999.99,999.99,999.99,999.99,999.99,999.99,999.99,999.99,999.99,999.99,999.99,999.99,999.99,999.99,999.99,
92401XL,SMTH PIQ COL/S.STRPS COR/IND,FJPFSH,067300,61052010,00,10116,8M,67,EA,EA,1,1,0.25,4.0,AWAIT CATEGORY,LCHUFAE,FJAP,USProdStr,92401XL,,B,China,RWEAR,18,1,95,10.54,,,,,,,,,,,,999.99,999.99,999.99,999.99,999.99,999.99,999.99,999.99,999.99,999.99,999.99,999.99,999.99,999.99,999.99,999.99,999.99,999.99,
92401XXL,SMTH PIQ COL/S.STRPS COR/IND,FJPFSH,067300,61052010,00,10116,8M,67,EA,EA,1,1,0.25,4.0,AWAIT CATEGORY,LCHUFAF,FJAP,USProdStr,92401XXL,,B,China,RWEAR,18,1,95,10.54,,,,,,,,,,,,999.99,999.99,999.99,999.99,999.99,999.99,999.99,999.99,999.99,999.99,999.99,999.99,999.99,999.99,999.99,999.99,999.99,999.99,
92402S,PIQ C.BLCK CONT WHT/MUL/CHA,FJPFSH,067300,61052010,00,10116,8M,67,EA,EA,1,1,0.25,4.0,AWAIT CATEGORY,LCHUHAB,FJAP,USProdStr,92402S,,B,China,RWEAR,18,1,95,10.94,,,,,,,,,,,,999.99,999.99,999.99,999.99,999.99,999.99,999.99,999.99,999.99,999.99,999.99,999.99,999.99,999.99,999.99,999.99,999.99,999.99,
92402M,PIQ C.BLCK CONT WHT/MUL/CHA,FJPFSH,067300,61052010,00,10116,8M,67,EA,EA,1,1,0.25,4.0,AWAIT CATEGORY,LCHUHAC,FJAP,USProdStr,92402M,,B,China,RWEAR,18,1,95,10.94,,,,,,,,,,,,999.99,999.99,999.99,999.99,999.99,999.99,999.99,999.99,999.99,999.99,999.99,999.99,999.99,999.99,999.99,999.99,999.99,999.99,
92402L,PIQ C.BLCK CONT WHT/MUL/CHA,FJPFSH,067300,61052010,00,10116,8M,67,EA,EA,1,1,0.25,4.0,AWAIT CATEGORY,LCHUHAD,FJAP,USProdStr,92402L,,B,China,RWEAR,18,1,95,10.94,,,,,,,,,,,,999.99,999.99,999.99,999.99,999.99,999.99,999.99,999.99,999.99,999.99,999.99,999.99,999.99,999.99,999.99,999.99,999.99,999.99,
92402XL,PIQ C.BLCK CONT WHT/MUL/CHA,FJPFSH,067300,61052010,00,10116,8M,67,EA,EA,1,1,0.25,4.0,AWAIT CATEGORY,LCHUHAE,FJAP,USProdStr,92402XL,,B,China,RWEAR,18,1,95,10.94,,,,,,,,,,,,999.99,999.99,999.99,999.99,999.99,999.99,999.99,999.99,999.99,999.99,999.99,999.99,999.99,999.99,999.99,999.99,999.99,999.99,
92402XXL,PIQ C.BLCK CONT WHT/MUL/CHA,FJPFSH,067300,61052010,00,10116,8M,67,EA,EA,1,1,0.25,4.0,AWAIT CATEGORY,LCHUHAF,FJAP,USProdStr,92402XXL,,B,China,RWEAR,18,1,95,10.94,,,,,,,,,,,,999.99,999.99,999.99,999.99,999.99,999.99,999.99,999.99,999.99,999.99,999.99,999.99,999.99,999.99,999.99,999.99,999.99,999.99,
92403S,PIQ C.BLCK CONT WHT/IND/COR,FJPFSH,067300,61052010,00,10116,8M,67,EA,EA,1,1,0.25,4.0,AWAIT CATEGORY,LCHUIAB,FJAP,USProdStr,92403S,,B,China,RWEAR,18,1,95,10.94,,,,,,,,,,,,999.99,999.99,999.99,999.99,999.99,999.99,999.99,999.99,999.99,999.99,999.99,999.99,999.99,999.99,999.99,999.99,999.99,999.99,
92403M,PIQ C.BLCK CONT WHT/IND/COR,FJPFSH,067300,61052010,00,10116,8M,67,EA,EA,1,1,0.25,4.0,AWAIT CATEGORY,LCHUIAC,FJAP,USProdStr,92403M,,B,China,RWEAR,18,1,95,10.94,,,,,,,,,,,,999.99,999.99,999.99,999.99,999.99,999.99,999.99,999.99,999.99,999.99,999.99,999.99,999.99,999.99,999.99,999.99,999.99,999.99,
92403L,PIQ C.BLCK CONT WHT/IND/COR,FJPFSH,067300,61052010,00,10116,8M,67,EA,EA,1,1,0.25,4.0,AWAIT CATEGORY,LCHUIAD,FJAP,USProdStr,92403L,,B,China,RWEAR,18,1,95,10.94,,,,,,,,,,,,999.99,999.99,999.99,999.99,999.99,999.99,999.99,999.99,999.99,999.99,999.99,999.99,999.99,999.99,999.99,999.99,999.99,999.99,
92403XL,PIQ C.BLCK CONT WHT/IND/COR,FJPFSH,067300,61052010,00,10116,8M,67,EA,EA,1,1,0.25,4.0,AWAIT CATEGORY,LCHUIAE,FJAP,USProdStr,92403XL,,B,China,RWEAR,18,1,95,10.94,,,,,,,,,,,,999.99,999.99,999.99,999.99,999.99,999.99,999.99,999.99,999.99,999.99,999.99,999.99,999.99,999.99,999.99,999.99,999.99,999.99,
92403XXL,PIQ C.BLCK CONT WHT/IND/COR,FJPFSH,067300,61052010,00,10116,8M,67,EA,EA,1,1,0.25,4.0,AWAIT CATEGORY,LCHUIAF,FJAP,USProdStr,92403XXL,,B,China,RWEAR,18,1,95,10.94,,,,,,,,,,,,999.99,999.99,999.99,999.99,999.99,999.99,999.99,999.99,999.99,999.99,999.99,999.99,999.99,999.99,999.99,999.99,999.99,999.99,
92404S,TEXT CHILL OUT CHA/WHT,FJPLOV,067300,61103091,00,10116,8O,67,EA,EA,1,1,0.35,2.8571,AWAIT CATEGORY,LCAQSAB,FJAP,USProdStr,92404S,,B,China,RWEAR,18,1,95,16.23,,,,,,,,,,,,999.99,999.99,999.99,999.99,999.99,999.99,999.99,999.99,999.99,999.99,999.99,999.99,999.99,999.99,999.99,999.99,999.99,999.99,
92404M,TEXT CHILL OUT CHA/WHT,FJPLOV,067300,61103091,00,10116,8O,67,EA,EA,1,1,0.35,2.8571,AWAIT CATEGORY,LCAQSAC,FJAP,USProdStr,92404M,,B,China,RWEAR,18,1,95,16.23,,,,,,,,,,,,999.99,999.99,999.99,999.99,999.99,999.99,999.99,999.99,999.99,999.99,999.99,999.99,999.99,999.99,999.99,999.99,999.99,999.99,
92404L,TEXT CHILL OUT CHA/WHT,FJPLOV,067300,61103091,00,10116,8O,67,EA,EA,1,1,0.35,2.8571,AWAIT CATEGORY,LCAQSAD,FJAP,USProdStr,92404L,,B,China,RWEAR,18,1,95,16.23,,,,,,,,,,,,999.99,999.99,999.99,999.99,999.99,999.99,999.99,999.99,999.99,999.99,999.99,999.99,999.99,999.99,999.99,999.99,999.99,999.99,
92404XL,TEXT CHILL OUT CHA/WHT,FJPLOV,067300,61103091,00,10116,8O,67,EA,EA,1,1,0.35,2.8571,AWAIT CATEGORY,LCAQSAE,FJAP,USProdStr,92404XL,,B,China,RWEAR,18,1,95,16.23,,,,,,,,,,,,999.99,999.99,999.99,999.99,999.99,999.99,999.99,999.99,999.99,999.99,999.99,999.99,999.99,999.99,999.99,999.99,999.99,999.99,
92404XXL,TEXT CHILL OUT CHA/WHT,FJPLOV,067300,61103091,00,10116,8O,67,EA,EA,1,1,0.35,2.8571,AWAIT CATEGORY,LCAQSAF,FJAP,USProdStr,92404XXL,,B,China,RWEAR,18,1,95,16.23,,,,,,,,,,,,999.99,999.99,999.99,999.99,999.99,999.99,999.99,999.99,999.99,999.99,999.99,999.99,999.99,999.99,999.99,999.99,999.99,999.99,
92405S,TEXT CHILL OUT IND/WHT,FJPLOV,067300,61103091,00,10116,8O,67,EA,EA,1,1,0.35,2.8571,AWAIT CATEGORY,LCAQTAB,FJAP,USProdStr,92405S,,B,China,RWEAR,18,1,95,16.23,,,,,,,,,,,,999.99,999.99,999.99,999.99,999.99,999.99,999.99,999.99,999.99,999.99,999.99,999.99,999.99,999.99,999.99,999.99,999.99,999.99,
92405M,TEXT CHILL OUT IND/WHT,FJPLOV,067300,61103091,00,10116,8O,67,EA,EA,1,1,0.35,2.8571,AWAIT CATEGORY,LCAQTAC,FJAP,USProdStr,92405M,,B,China,RWEAR,18,1,95,16.23,,,,,,,,,,,,999.99,999.99,999.99,999.99,999.99,999.99,999.99,999.99,999.99,999.99,999.99,999.99,999.99,999.99,999.99,999.99,999.99,999.99,
92405L,TEXT CHILL OUT IND/WHT,FJPLOV,067300,61103091,00,10116,8O,67,EA,EA,1,1,0.35,2.8571,AWAIT CATEGORY,LCAQTAD,FJAP,USProdStr,92405L,,B,China,RWEAR,18,1,95,16.23,,,,,,,,,,,,999.99,999.99,999.99,999.99,999.99,999.99,999.99,999.99,999.99,999.99,999.99,999.99,999.99,999.99,999.99,999.99,999.99,999.99,
92405XL,TEXT CHILL OUT IND/WHT,FJPLOV,067300,61103091,00,10116,8O,67,EA,EA,1,1,0.35,2.8571,AWAIT CATEGORY,LCAQTAE,FJAP,USProdStr,92405XL,,B,China,RWEAR,18,1,95,16.23,,,,,,,,,,,,999.99,999.99,999.99,999.99,999.99,999.99,999.99,999.99,999.99,999.99,999.99,999.99,999.99,999.99,999.99,999.99,999.99,999.99,
92405XXL,TEXT CHILL OUT IND/WHT,FJPLOV,067300,61103091,00,10116,8O,67,EA,EA,1,1,0.35,2.8571,AWAIT CATEGORY,LCAQTAF,FJAP,USProdStr,92405XXL,,B,China,RWEAR,18,1,95,16.23,,,,,,,,,,,,999.99,999.99,999.99,999.99,999.99,999.99,999.99,999.99,999.99,999.99,999.99,999.99,999.99,999.99,999.99,999.99,999.99,999.99,
92406S,CHILL OUT CHEST PIP BLK/CHA/M,FJPLOV,067300,61103091,00,10001,8O,67,EA,EA,1,1,0.35,2.8571,AWAIT CATEGORY,LCAQUAB,FJAP,USProdStr,92406S,,B,China,RWEAR,18,1,95,15.44,,,,,,,,,,,,999.99,999.99,999.99,999.99,999.99,999.99,999.99,999.99,999.99,999.99,999.99,999.99,999.99,999.99,999.99,999.99,999.99,999.99,
92406M,CHILL OUT CHEST PIP BLK/CHA/M,FJPLOV,067300,61103091,00,10001,8O,67,EA,EA,1,1,0.35,2.8571,AWAIT CATEGORY,LCAQUAC,FJAP,USProdStr,92406M,,B,China,RWEAR,18,1,95,15.44,,,,,,,,,,,,999.99,999.99,999.99,999.99,999.99,999.99,999.99,999.99,999.99,999.99,999.99,999.99,999.99,999.99,999.99,999.99,999.99,999.99,
92406L,CHILL OUT CHEST PIP BLK/CHA/M,FJPLOV,067300,61103091,00,10001,8O,67,EA,EA,1,1,0.35,2.8571,AWAIT CATEGORY,LCAQUAD,FJAP,USProdStr,92406L,,B,China,RWEAR,18,1,95,15.44,,,,,,,,,,,,999.99,999.99,999.99,999.99,999.99,999.99,999.99,999.99,999.99,999.99,999.99,999.99,999.99,999.99,999.99,999.99,999.99,999.99,
92406XL,CHILL OUT CHEST PIP BLK/CHA/M,FJPLOV,067300,61103091,00,10001,8O,67,EA,EA,1,1,0.35,2.8571,AWAIT CATEGORY,LCAQUAE,FJAP,USProdStr,92406XL,,B,China,RWEAR,18,1,95,15.44,,,,,,,,,,,,999.99,999.99,999.99,999.99,999.99,999.99,999.99,999.99,999.99,999.99,999.99,999.99,999.99,999.99,999.99,999.99,999.99,999.99,
92406XXL,CHILL OUT CHEST PIP BLK/CHA/M,FJPLOV,067300,61103091,00,10001,8O,67,EA,EA,1,1,0.35,2.8571,AWAIT CATEGORY,LCAQUAF,FJAP,USProdStr,92406XXL,,B,China,RWEAR,18,1,95,15.44,,,,,,,,,,,,999.99,999.99,999.99,999.99,999.99,999.99,999.99,999.99,999.99,999.99,999.99,999.99,999.99,999.99,999.99,999.99,999.99,999.99,
92407S,CHILL OUT CHEST PIP H.G/IND/W,FJPLOV,067300,61103091,00,10001,8O,67,EA,EA,1,1,0.35,2.8571,AWAIT CATEGORY,LCAQVAB,FJAP,USProdStr,92407S,,B,China,RWEAR,18,1,95,15.44,,,,,,,,,,,,999.99,999.99,999.99,999.99,999.99,999.99,999.99,999.99,999.99,999.99,999.99,999.99,999.99,999.99,999.99,999.99,999.99,999.99,
92407M,CHILL OUT CHEST PIP H.G/IND/W,FJPLOV,067300,61103091,00,10001,8O,67,EA,EA,1,1,0.35,2.8571,AWAIT CATEGORY,LCAQVAC,FJAP,USProdStr,92407M,,B,China,RWEAR,18,1,95,15.44,,,,,,,,,,,,999.99,999.99,999.99,999.99,999.99,999.99,999.99,999.99,999.99,999.99,999.99,999.99,999.99,999.99,999.99,999.99,999.99,999.99,
92407L,CHILL OUT CHEST PIP H.G/IND/W,FJPLOV,067300,61103091,00,10001,8O,67,EA,EA,1,1,0.35,2.8571,AWAIT CATEGORY,LCAQVAD,FJAP,USProdStr,92407L,,B,China,RWEAR,18,1,95,15.44,,,,,,,,,,,,999.99,999.99,999.99,999.99,999.99,999.99,999.99,999.99,999.99,999.99,999.99,999.99,999.99,999.99,999.99,999.99,999.99,999.99,
92407XL,CHILL OUT CHEST PIP H.G/IND/W,FJPLOV,067300,61103091,00,10001,8O,67,EA,EA,1,1,0.35,2.8571,AWAIT CATEGORY,LCAQVAE,FJAP,USProdStr,92407XL,,B,China,RWEAR,18,1,95,15.44,,,,,,,,,,,,999.99,999.99,999.99,999.99,999.99,999.99,999.99,999.99,999.99,999.99,999.99,999.99,999.99,999.99,999.99,999.99,999.99,999.99,
92407XXL,CHILL OUT CHEST PIP H.G/IND/W,FJPLOV,067300,61103091,00,10001,8O,67,EA,EA,1,1,0.35,2.8571,AWAIT CATEGORY,LCAQVAF,FJAP,USProdStr,92407XXL,,B,China,RWEAR,18,1,95,15.44,,,,,,,,,,,,999.99,999.99,999.99,999.99,999.99,999.99,999.99,999.99,999.99,999.99,999.99,999.99,999.99,999.99,999.99,999.99,999.99,999.99,
95002S,DJ SELECT JKT BLK/CHA/RED/WHT,DJTJKT,067300,62019300,00,10001,8B,67,EA,EA,1,1,0.35,2.8571,AWAIT CATEGORY,LBAADAB,FJOW,USProdStr,95002S,,B,China,RWEAR,18,1,120,66.77,,,,,,,,,,,,999.99,999.99,999.99,999.99,999.99,999.99,999.99,999.99,999.99,999.99,999.99,999.99,999.99,999.99,999.99,999.99,999.99,999.99,
95002M,DJ SELECT JKT BLK/CHA/RED/WHT,DJTJKT,067300,62019300,00,10001,8B,67,EA,EA,1,1,0.35,2.8571,AWAIT CATEGORY,LBAADAC,FJOW,USProdStr,95002M,,B,China,RWEAR,18,1,120,66.77,,,,,,,,,,,,999.99,999.99,999.99,999.99,999.99,999.99,999.99,999.99,999.99,999.99,999.99,999.99,999.99,999.99,999.99,999.99,999.99,999.99,
95002L,DJ SELECT JKT BLK/CHA/RED/WHT,DJTJKT,067300,62019300,00,10001,8B,67,EA,EA,1,1,0.35,2.8571,AWAIT CATEGORY,LBAADAD,FJOW,USProdStr,95002L,,B,China,RWEAR,18,1,120,66.77,,,,,,,,,,,,999.99,999.99,999.99,999.99,999.99,999.99,999.99,999.99,999.99,999.99,999.99,999.99,999.99,999.99,999.99,999.99,999.99,999.99,
95002XL,DJ SELECT JKT BLK/CHA/RED/WHT,DJTJKT,067300,62019300,00,10001,8B,67,EA,EA,1,1,0.35,2.8571,AWAIT CATEGORY,LBAADAE,FJOW,USProdStr,95002XL,,B,China,RWEAR,18,1,120,66.77,,,,,,,,,,,,999.99,999.99,999.99,999.99,999.99,999.99,999.99,999.99,999.99,999.99,999.99,999.99,999.99,999.99,999.99,999.99,999.99,999.99,
95002XXL,DJ SELECT JKT BLK/CHA/RED/WHT,DJTJKT,067300,62019300,00,10001,8B,67,EA,EA,1,1,0.35,2.8571,AWAIT CATEGORY,LBAADAF,FJOW,USProdStr,95002XXL,,B,China,RWEAR,18,1,120,66.77,,,,,,,,,,,,999.99,999.99,999.99,999.99,999.99,999.99,999.99,999.99,999.99,999.99,999.99,999.99,999.99,999.99,999.99,999.99,999.99,999.99,
95010S,DJ TOUR LTS JKT BLK/GRY/WHT,DJTJKT,067300,62019300,00,10001,8B,67,EA,EA,1,1,0.35,2.8571,AWAIT CATEGORY,LBEBDAB,FJOW,USProdStr,95010S,,B,China,RWEAR,18,1,120,53.63,,,,,,,,,,,,999.99,999.99,999.99,999.99,999.99,999.99,999.99,999.99,999.99,999.99,999.99,999.99,999.99,999.99,999.99,999.99,999.99,999.99,
95010M,DJ TOUR LTS JKT BLK/GRY/WHT,DJTJKT,067300,62019300,00,10001,8B,67,EA,EA,1,1,0.35,2.8571,AWAIT CATEGORY,LBEBDAC,FJOW,USProdStr,95010M,,B,China,RWEAR,18,1,120,53.63,,,,,,,,,,,,999.99,999.99,999.99,999.99,999.99,999.99,999.99,999.99,999.99,999.99,999.99,999.99,999.99,999.99,999.99,999.99,999.99,999.99,
95010L,DJ TOUR LTS JKT BLK/GRY/WHT,DJTJKT,067300,62019300,00,10001,8B,67,EA,EA,1,1,0.35,2.8571,AWAIT CATEGORY,LBEBDAD,FJOW,USProdStr,95010L,,B,China,RWEAR,18,1,120,53.63,,,,,,,,,,,,999.99,999.99,999.99,999.99,999.99,999.99,999.99,999.99,999.99,999.99,999.99,999.99,999.99,999.99,999.99,999.99,999.99,999.99,
95010XL,DJ TOUR LTS JKT BLK/GRY/WHT,DJTJKT,067300,62019300,00,10001,8B,67,EA,EA,1,1,0.35,2.8571,AWAIT CATEGORY,LBEBDAE,FJOW,USProdStr,95010XL,,B,China,RWEAR,18,1,120,53.63,,,,,,,,,,,,999.99,999.99,999.99,999.99,999.99,999.99,999.99,999.99,999.99,999.99,999.99,999.99,999.99,999.99,999.99,999.99,999.99,999.99,
95010XXL,DJ TOUR LTS JKT BLK/GRY/WHT,DJTJKT,067300,62019300,00,10001,8B,67,EA,EA,1,1,0.35,2.8571,AWAIT CATEGORY,LBEBDAF,FJOW,USProdStr,95010XXL,,B,China,RWEAR,18,1,120,53.63,,,,,,,,,,,,999.99,999.99,999.99,999.99,999.99,999.99,999.99,999.99,999.99,999.99,999.99,999.99,999.99,999.99,999.99,999.99,999.99,999.99,
95010XXXL,DJ TOUR LTS JKT BLK/GRY/WHT,DJTJKT,067300,62019300,00,10001,8B,67,EA,EA,1,1,0.35,2.8571,AWAIT CATEGORY,LBEBDAG,FJOW,USProdStr,95010XXXL,,B,China,RWEAR,18,1,120,53.63,,,,,,,,,,,,999.99,999.99,999.99,999.99,999.99,999.99,999.99,999.99,999.99,999.99,999.99,999.99,999.99,999.99,999.99,999.99,999.99,999.99,
95011S,DJ TOUR LTS JKT H.GRY/NVY/WHT,DJTJKT,067300,62019300,00,10001,8B,67,EA,EA,1,1,0.35,2.8571,AWAIT CATEGORY,LBEBEAB,FJOW,USProdStr,95011S,,B,China,RWEAR,18,1,120,53.63,,,,,,,,,,,,999.99,999.99,999.99,999.99,999.99,999.99,999.99,999.99,999.99,999.99,999.99,999.99,999.99,999.99,999.99,999.99,999.99,999.99,
95011M,DJ TOUR LTS JKT H.GRY/NVY/WHT,DJTJKT,067300,62019300,00,10001,8B,67,EA,EA,1,1,0.35,2.8571,AWAIT CATEGORY,LBEBEAC,FJOW,USProdStr,95011M,,B,China,RWEAR,18,1,120,53.63,,,,,,,,,,,,999.99,999.99,999.99,999.99,999.99,999.99,999.99,999.99,999.99,999.99,999.99,999.99,999.99,999.99,999.99,999.99,999.99,999.99,
95011L,DJ TOUR LTS JKT H.GRY/NVY/WHT,DJTJKT,067300,62019300,00,10001,8B,67,EA,EA,1,1,0.35,2.8571,AWAIT CATEGORY,LBEBEAD,FJOW,USProdStr,95011L,,B,China,RWEAR,18,1,120,53.63,,,,,,,,,,,,999.99,999.99,999.99,999.99,999.99,999.99,999.99,999.99,999.99,999.99,999.99,999.99,999.99,999.99,999.99,999.99,999.99,999.99,
95011XL,DJ TOUR LTS JKT H.GRY/NVY/WHT,DJTJKT,067300,62019300,00,10001,8B,67,EA,EA,1,1,0.35,2.8571,AWAIT CATEGORY,LBEBEAE,FJOW,USProdStr,95011XL,,B,China,RWEAR,18,1,120,53.63,,,,,,,,,,,,999.99,999.99,999.99,999.99,999.99,999.99,999.99,999.99,999.99,999.99,999.99,999.99,999.99,999.99,999.99,999.99,999.99,999.99,
95011XXL,DJ TOUR LTS JKT H.GRY/NVY/WHT,DJTJKT,067300,62019300,00,10001,8B,67,EA,EA,1,1,0.35,2.8571,AWAIT CATEGORY,LBEBEAF,FJOW,USProdStr,95011XXL,,B,China,RWEAR,18,1,120,53.63,,,,,,,,,,,,999.99,999.99,999.99,999.99,999.99,999.99,999.99,999.99,999.99,999.99,999.99,999.99,999.99,999.99,999.99,999.99,999.99,999.99,
95012S,DJ TOUR LTS JKT CHA/BLK/WHT,DJTJKT,067300,62019300,00,10001,8B,67,EA,EA,1,1,0.35,2.8571,AWAIT CATEGORY,LBEBFAB,FJOW,USProdStr,95012S,,B,China,RWEAR,18,1,120,53.63,,,,,,,,,,,,999.99,999.99,999.99,999.99,999.99,999.99,999.99,999.99,999.99,999.99,999.99,999.99,999.99,999.99,999.99,999.99,999.99,999.99,
95012M,DJ TOUR LTS JKT CHA/BLK/WHT,DJTJKT,067300,62019300,00,10001,8B,67,EA,EA,1,1,0.35,2.8571,AWAIT CATEGORY,LBEBFAC,FJOW,USProdStr,95012M,,B,China,RWEAR,18,1,120,53.63,,,,,,,,,,,,999.99,999.99,999.99,999.99,999.99,999.99,999.99,999.99,999.99,999.99,999.99,999.99,999.99,999.99,999.99,999.99,999.99,999.99,
95012L,DJ TOUR LTS JKT CHA/BLK/WHT,DJTJKT,067300,62019300,00,10001,8B,67,EA,EA,1,1,0.35,2.8571,AWAIT CATEGORY,LBEBFAD,FJOW,USProdStr,95012L,,B,China,RWEAR,18,1,120,53.63,,,,,,,,,,,,999.99,999.99,999.99,999.99,999.99,999.99,999.99,999.99,999.99,999.99,999.99,999.99,999.99,999.99,999.99,999.99,999.99,999.99,
95012XL,DJ TOUR LTS JKT CHA/BLK/WHT,DJTJKT,067300,62019300,00,10001,8B,67,EA,EA,1,1,0.35,2.8571,AWAIT CATEGORY,LBEBFAE,FJOW,USProdStr,95012XL,,B,China,RWEAR,18,1,120,53.63,,,,,,,,,,,,999.99,999.99,999.99,999.99,999.99,999.99,999.99,999.99,999.99,999.99,999.99,999.99,999.99,999.99,999.99,999.99,999.99,999.99,
95012XXL,DJ TOUR LTS JKT CHA/BLK/WHT,DJTJKT,067300,62019300,00,10001,8B,67,EA,EA,1,1,0.35,2.8571,AWAIT CATEGORY,LBEBFAF,FJOW,USProdStr,95012XXL,,B,China,RWEAR,18,1,120,53.63,,,,,,,,,,,,999.99,999.99,999.99,999.99,999.99,999.99,999.99,999.99,999.99,999.99,999.99,999.99,999.99,999.99,999.99,999.99,999.99,999.99,
95013S,DJ TOUR LTS JKT C.BLU/H.GRY/B,DJTJKT,067300,62019300,00,10001,8B,67,EA,EA,1,1,0.35,2.8571,AWAIT CATEGORY,LBEBGAB,FJOW,USProdStr,95013S,,B,China,RWEAR,18,1,120,53.63,,,,,,,,,,,,999.99,999.99,999.99,999.99,999.99,999.99,999.99,999.99,999.99,999.99,999.99,999.99,999.99,999.99,999.99,999.99,999.99,999.99,
95013M,DJ TOUR LTS JKT C.BLU/H.GRY/B,DJTJKT,067300,62019300,00,10001,8B,67,EA,EA,1,1,0.35,2.8571,AWAIT CATEGORY,LBEBGAC,FJOW,USProdStr,95013M,,B,China,RWEAR,18,1,120,53.63,,,,,,,,,,,,999.99,999.99,999.99,999.99,999.99,999.99,999.99,999.99,999.99,999.99,999.99,999.99,999.99,999.99,999.99,999.99,999.99,999.99,
95013L,DJ TOUR LTS JKT C.BLU/H.GRY/B,DJTJKT,067300,62019300,00,10001,8B,67,EA,EA,1,1,0.35,2.8571,AWAIT CATEGORY,LBEBGAD,FJOW,USProdStr,95013L,,B,China,RWEAR,18,1,120,53.63,,,,,,,,,,,,999.99,999.99,999.99,999.99,999.99,999.99,999.99,999.99,999.99,999.99,999.99,999.99,999.99,999.99,999.99,999.99,999.99,999.99,
95013XL,DJ TOUR LTS JKT C.BLU/H.GRY/B,DJTJKT,067300,62019300,00,10001,8B,67,EA,EA,1,1,0.35,2.8571,AWAIT CATEGORY,LBEBGAE,FJOW,USProdStr,95013XL,,B,China,RWEAR,18,1,120,53.63,,,,,,,,,,,,999.99,999.99,999.99,999.99,999.99,999.99,999.99,999.99,999.99,999.99,999.99,999.99,999.99,999.99,999.99,999.99,999.99,999.99,
95013XXL,DJ TOUR LTS JKT C.BLU/H.GRY/B,DJTJKT,067300,62019300,00,10001,8B,67,EA,EA,1,1,0.35,2.8571,AWAIT CATEGORY,LBEBGAF,FJOW,USProdStr,95013XXL,,B,China,RWEAR,18,1,120,53.63,,,,,,,,,,,,999.99,999.99,999.99,999.99,999.99,999.99,999.99,999.99,999.99,999.99,999.99,999.99,999.99,999.99,999.99,999.99,999.99,999.99,
95014S,DJ TOUR LTS JKT RED/BLK/WHT,DJTJKT,067300,62019300,00,10001,8B,67,EA,EA,1,1,0.35,2.8571,AWAIT CATEGORY,LBEBHAB,FJOW,USProdStr,95014S,,B,China,RWEAR,18,1,120,53.63,,,,,,,,,,,,999.99,999.99,999.99,999.99,999.99,999.99,999.99,999.99,999.99,999.99,999.99,999.99,999.99,999.99,999.99,999.99,999.99,999.99,
95014M,DJ TOUR LTS JKT RED/BLK/WHT,DJTJKT,067300,62019300,00,10001,8B,67,EA,EA,1,1,0.35,2.8571,AWAIT CATEGORY,LBEBHAC,FJOW,USProdStr,95014M,,B,China,RWEAR,18,1,120,53.63,,,,,,,,,,,,999.99,999.99,999.99,999.99,999.99,999.99,999.99,999.99,999.99,999.99,999.99,999.99,999.99,999.99,999.99,999.99,999.99,999.99,
95014L,DJ TOUR LTS JKT RED/BLK/WHT,DJTJKT,067300,62019300,00,10001,8B,67,EA,EA,1,1,0.35,2.8571,AWAIT CATEGORY,LBEBHAD,FJOW,USProdStr,95014L,,B,China,RWEAR,18,1,120,53.63,,,,,,,,,,,,999.99,999.99,999.99,999.99,999.99,999.99,999.99,999.99,999.99,999.99,999.99,999.99,999.99,999.99,999.99,999.99,999.99,999.99,
95014XL,DJ TOUR LTS JKT RED/BLK/WHT,DJTJKT,067300,62019300,00,10001,8B,67,EA,EA,1,1,0.35,2.8571,AWAIT CATEGORY,LBEBHAE,FJOW,USProdStr,95014XL,,B,China,RWEAR,18,1,120,53.63,,,,,,,,,,,,999.99,999.99,999.99,999.99,999.99,999.99,999.99,999.99,999.99,999.99,999.99,999.99,999.99,999.99,999.99,999.99,999.99,999.99,
95014XXL,DJ TOUR LTS JKT RED/BLK/WHT,DJTJKT,067300,62019300,00,10001,8B,67,EA,EA,1,1,0.35,2.8571,AWAIT CATEGORY,LBEBHAF,FJOW,USProdStr,95014XXL,,B,China,RWEAR,18,1,120,53.63,,,,,,,,,,,,999.99,999.99,999.99,999.99,999.99,999.99,999.99,999.99,999.99,999.99,999.99,999.99,999.99,999.99,999.99,999.99,999.99,999.99,
95015S,DJ TOUR LTS R/S BLK/WHT,DJTRSH,067300,62019300,00,10001,8C,67,EA,EA,1,1,0.35,2.8571,AWAIT CATEGORY,LBEBIAB,FJOW,USProdStr,95015S,,B,China,RWEAR,18,1,120,51.14,,,,,,,,,,,,999.99,999.99,999.99,999.99,999.99,999.99,999.99,999.99,999.99,999.99,999.99,999.99,999.99,999.99,999.99,999.99,999.99,999.99,
95015M,DJ TOUR LTS R/S BLK/WHT,DJTRSH,067300,62019300,00,10001,8C,67,EA,EA,1,1,0.35,2.8571,AWAIT CATEGORY,LBEBIAC,FJOW,USProdStr,95015M,,B,China,RWEAR,18,1,120,51.14,,,,,,,,,,,,999.99,999.99,999.99,999.99,999.99,999.99,999.99,999.99,999.99,999.99,999.99,999.99,999.99,999.99,999.99,999.99,999.99,999.99,
95015L,DJ TOUR LTS R/S BLK/WHT,DJTRSH,067300,62019300,00,10001,8C,67,EA,EA,1,1,0.35,2.8571,AWAIT CATEGORY,LBEBIAD,FJOW,USProdStr,95015L,,B,China,RWEAR,18,1,120,51.14,,,,,,,,,,,,999.99,999.99,999.99,999.99,999.99,999.99,999.99,999.99,999.99,999.99,999.99,999.99,999.99,999.99,999.99,999.99,999.99,999.99,
95015XL,DJ TOUR LTS R/S BLK/WHT,DJTRSH,067300,62019300,00,10001,8C,67,EA,EA,1,1,0.35,2.8571,AWAIT CATEGORY,LBEBIAE,FJOW,USProdStr,95015XL,,B,China,RWEAR,18,1,120,51.14,,,,,,,,,,,,999.99,999.99,999.99,999.99,999.99,999.99,999.99,999.99,999.99,999.99,999.99,999.99,999.99,999.99,999.99,999.99,999.99,999.99,
95015XXL,DJ TOUR LTS R/S BLK/WHT,DJTRSH,067300,62019300,00,10001,8C,67,EA,EA,1,1,0.35,2.8571,AWAIT CATEGORY,LBEBIAF,FJOW,USProdStr,95015XXL,,B,China,RWEAR,18,1,120,51.14,,,,,,,,,,,,999.99,999.99,999.99,999.99,999.99,999.99,999.99,999.99,999.99,999.99,999.99,999.99,999.99,999.99,999.99,999.99,999.99,999.99,
95016S,DJ TOUR LTS R/S WHT/CHA/C.BLU,DJTRSH,067300,62019300,00,10001,8C,67,EA,EA,1,1,0.35,2.8571,AWAIT CATEGORY,LBEBJAB,FJOW,USProdStr,95016S,,B,China,RWEAR,18,1,120,51.14,,,,,,,,,,,,999.99,999.99,999.99,999.99,999.99,999.99,999.99,999.99,999.99,999.99,999.99,999.99,999.99,999.99,999.99,999.99,999.99,999.99,
95016M,DJ TOUR LTS R/S WHT/CHA/C.BLU,DJTRSH,067300,62019300,00,10001,8C,67,EA,EA,1,1,0.35,2.8571,AWAIT CATEGORY,LBEBJAC,FJOW,USProdStr,95016M,,B,China,RWEAR,18,1,120,51.14,,,,,,,,,,,,999.99,999.99,999.99,999.99,999.99,999.99,999.99,999.99,999.99,999.99,999.99,999.99,999.99,999.99,999.99,999.99,999.99,999.99,
95016L,DJ TOUR LTS R/S WHT/CHA/C.BLU,DJTRSH,067300,62019300,00,10001,8C,67,EA,EA,1,1,0.35,2.8571,AWAIT CATEGORY,LBEBJAD,FJOW,USProdStr,95016L,,B,China,RWEAR,18,1,120,51.14,,,,,,,,,,,,999.99,999.99,999.99,999.99,999.99,999.99,999.99,999.99,999.99,999.99,999.99,999.99,999.99,999.99,999.99,999.99,999.99,999.99,
95016XL,DJ TOUR LTS R/S WHT/CHA/C.BLU,DJTRSH,067300,62019300,00,10001,8C,67,EA,EA,1,1,0.35,2.8571,AWAIT CATEGORY,LBEBJAE,FJOW,USProdStr,95016XL,,B,China,RWEAR,18,1,120,51.14,,,,,,,,,,,,999.99,999.99,999.99,999.99,999.99,999.99,999.99,999.99,999.99,999.99,999.99,999.99,999.99,999.99,999.99,999.99,999.99,999.99,
95016XXL,DJ TOUR LTS R/S WHT/CHA/C.BLU,DJTRSH,067300,62019300,00,10001,8C,67,EA,EA,1,1,0.35,2.8571,AWAIT CATEGORY,LBEBJAF,FJOW,USProdStr,95016XXL,,B,China,RWEAR,18,1,120,51.14,,,,,,,,,,,,999.99,999.99,999.99,999.99,999.99,999.99,999.99,999.99,999.99,999.99,999.99,999.99,999.99,999.99,999.99,999.99,999.99,999.99,
95017XS-29,DJ TOUR LTS RAIN TROUSER BLK,RTROUS,067300,62104000,00,10001,8A,67,PR,PR,1,1,0.35,2.8571,AWAIT CATEGORY,LBFADAA,FJOW,USProdStr,95017XS-29,,B,China,RWEAR,18,1,120,39.73,,,,,,,,,,,,999.99,999.99,999.99,999.99,999.99,999.99,999.99,999.99,999.99,999.99,999.99,999.99,999.99,999.99,999.99,999.99,999.99,999.99,
95017S-29,DJ TOUR LTS RAIN TROUSER BLK,RTROUS,067300,62104000,00,10001,8A,67,PR,PR,1,1,0.35,2.8571,AWAIT CATEGORY,LBFADAB,FJOW,USProdStr,95017S-29,,B,China,RWEAR,18,1,120,39.73,,,,,,,,,,,,999.99,999.99,999.99,999.99,999.99,999.99,999.99,999.99,999.99,999.99,999.99,999.99,999.99,999.99,999.99,999.99,999.99,999.99,
95017M-29,DJ TOUR LTS RAIN TROUSER BLK,RTROUS,067300,62104000,00,10001,8A,67,PR,PR,1,1,0.35,2.8571,AWAIT CATEGORY,LBFADAE,FJOW,USProdStr,95017M-29,,B,China,RWEAR,18,1,120,39.73,,,,,,,,,,,,999.99,999.99,999.99,999.99,999.99,999.99,999.99,999.99,999.99,999.99,999.99,999.99,999.99,999.99,999.99,999.99,999.99,999.99,
95017M-31,DJ TOUR LTS RAIN TROUSER BLK,RTROUS,067300,62104000,00,10001,8A,67,PR,PR,1,1,0.35,2.8571,AWAIT CATEGORY,LBFADAG,FJOW,USProdStr,95017M-31,,B,China,RWEAR,18,1,120,39.73,,,,,,,,,,,,999.99,999.99,999.99,999.99,999.99,999.99,999.99,999.99,999.99,999.99,999.99,999.99,999.99,999.99,999.99,999.99,999.99,999.99,
95017M-33,DJ TOUR LTS RAIN TROUSER BLK,RTROUS,067300,62104000,00,10001,8A,67,PR,PR,1,1,0.35,2.8571,AWAIT CATEGORY,LBFADAI,FJOW,USProdStr,95017M-33,,B,China,RWEAR,18,1,120,39.73,,,,,,,,,,,,999.99,999.99,999.99,999.99,999.99,999.99,999.99,999.99,999.99,999.99,999.99,999.99,999.99,999.99,999.99,999.99,999.99,999.99,
95017L-29,DJ TOUR LTS RAIN TROUSER BLK,RTROUS,067300,62104000,00,10001,8A,67,PR,PR,1,1,0.35,2.8571,AWAIT CATEGORY,LBFADAJ,FJOW,USProdStr,95017L-29,,B,China,RWEAR,18,1,120,39.73,,,,,,,,,,,,999.99,999.99,999.99,999.99,999.99,999.99,999.99,999.99,999.99,999.99,999.99,999.99,999.99,999.99,999.99,999.99,999.99,999.99,
95017L-31,DJ TOUR LTS RAIN TROUSER BLK,RTROUS,067300,62104000,00,10001,8A,67,PR,PR,1,1,0.35,2.8571,AWAIT CATEGORY,LBFADAK,FJOW,USProdStr,95017L-31,,B,China,RWEAR,18,1,120,39.73,,,,,,,,,,,,999.99,999.99,999.99,999.99,999.99,999.99,999.99,999.99,999.99,999.99,999.99,999.99,999.99,999.99,999.99,999.99,999.99,999.99,
95017L-33,DJ TOUR LTS RAIN TROUSER BLK,RTROUS,067300,62104000,00,10001,8A,67,PR,PR,1,1,0.35,2.8571,AWAIT CATEGORY,LBFADAL,FJOW,USProdStr,95017L-33,,B,China,RWEAR,18,1,120,39.73,,,,,,,,,,,,999.99,999.99,999.99,999.99,999.99,999.99,999.99,999.99,999.99,999.99,999.99,999.99,999.99,999.99,999.99,999.99,999.99,999.99,
95017XL-29,DJ TOUR LTS RAIN TROUSER BLK,RTROUS,067300,62104000,00,10001,8A,67,PR,PR,1,1,0.35,2.8571,AWAIT CATEGORY,LBFADAM,FJOW,USProdStr,95017XL-29,,B,China,RWEAR,18,1,120,39.73,,,,,,,,,,,,999.99,999.99,999.99,999.99,999.99,999.99,999.99,999.99,999.99,999.99,999.99,999.99,999.99,999.99,999.99,999.99,999.99,999.99,
95017XL-31,DJ TOUR LTS RAIN TROUSER BLK,RTROUS,067300,62104000,00,10001,8A,67,PR,PR,1,1,0.35,2.8571,AWAIT CATEGORY,LBFADAN,FJOW,USProdStr,95017XL-31,,B,China,RWEAR,18,1,120,39.73,,,,,,,,,,,,999.99,999.99,999.99,999.99,999.99,999.99,999.99,999.99,999.99,999.99,999.99,999.99,999.99,999.99,999.99,999.99,999.99,999.99,
95017XL-33,DJ TOUR LTS RAIN TROUSER BLK,RTROUS,067300,62104000,00,10001,8A,67,PR,PR,1,1,0.35,2.8571,AWAIT CATEGORY,LBFADAO,FJOW,USProdStr,95017XL-33,,B,China,RWEAR,18,1,120,39.73,,,,,,,,,,,,999.99,999.99,999.99,999.99,999.99,999.99,999.99,999.99,999.99,999.99,999.99,999.99,999.99,999.99,999.99,999.99,999.99,999.99,
95017XXL-31,DJ TOUR LTS RAIN TROUSER BLK,RTROUS,067300,62104000,00,10001,8A,67,PR,PR,1,1,0.35,2.8571,AWAIT CATEGORY,LBFADAP,FJOW,USProdStr,95017XXL-31,,B,China,RWEAR,18,1,120,39.73,,,,,,,,,,,,999.99,999.99,999.99,999.99,999.99,999.99,999.99,999.99,999.99,999.99,999.99,999.99,999.99,999.99,999.99,999.99,999.99,999.99,
95580S,HYDROLITE JKT C.BLU CHECK,DJLTJK,067300,62019300,00,10001,8B,67,EA,EA,1,1,0.35,2.8571,AWAIT CATEGORY,LBJAWAB,FJOW,USProdStr,95580S,,B,China,RWEAR,18,1,120,34.77,,,,,,,,,,,,999.99,999.99,999.99,999.99,999.99,999.99,999.99,999.99,999.99,999.99,999.99,999.99,999.99,999.99,999.99,999.99,999.99,999.99,
95580M,HYDROLITE JKT C.BLU CHECK,DJLTJK,067300,62019300,00,10001,8B,67,EA,EA,1,1,0.35,2.8571,AWAIT CATEGORY,LBJAWAC,FJOW,USProdStr,95580M,,B,China,RWEAR,18,1,120,34.77,,,,,,,,,,,,999.99,999.99,999.99,999.99,999.99,999.99,999.99,999.99,999.99,999.99,999.99,999.99,999.99,999.99,999.99,999.99,999.99,999.99,
95580L,HYDROLITE JKT C.BLU CHECK,DJLTJK,067300,62019300,00,10001,8B,67,EA,EA,1,1,0.35,2.8571,AWAIT CATEGORY,LBJAWAD,FJOW,USProdStr,95580L,,B,China,RWEAR,18,1,120,34.77,,,,,,,,,,,,999.99,999.99,999.99,999.99,999.99,999.99,999.99,999.99,999.99,999.99,999.99,999.99,999.99,999.99,999.99,999.99,999.99,999.99,
95580XL,HYDROLITE JKT C.BLU CHECK,DJLTJK,067300,62019300,00,10001,8B,67,EA,EA,1,1,0.35,2.8571,AWAIT CATEGORY,LBJAWAE,FJOW,USProdStr,95580XL,,B,China,RWEAR,18,1,120,34.77,,,,,,,,,,,,999.99,999.99,999.99,999.99,999.99,999.99,999.99,999.99,999.99,999.99,999.99,999.99,999.99,999.99,999.99,999.99,999.99,999.99,
95580XXL,HYDROLITE JKT C.BLU CHECK,DJLTJK,067300,62019300,00,10001,8B,67,EA,EA,1,1,0.35,2.8571,AWAIT CATEGORY,LBJAWAF,FJOW,USProdStr,95580XXL,,B,China,RWEAR,18,1,120,34.77,,,,,,,,,,,,999.99,999.99,999.99,999.99,999.99,999.99,999.99,999.99,999.99,999.99,999.99,999.99,999.99,999.99,999.99,999.99,999.99,999.99,
95579S,HYDROLITE JKT BLK/C.BLU/WHT,DJLTJK,067300,62019300,00,10001,8B,67,EA,EA,1,1,0.35,2.8571,AWAIT CATEGORY,LBJAXAB,FJOW,USProdStr,95579S,,B,China,RWEAR,18,1,120,34.77,,,,,,,,,,,,999.99,999.99,999.99,999.99,999.99,999.99,999.99,999.99,999.99,999.99,999.99,999.99,999.99,999.99,999.99,999.99,999.99,999.99,
95579M,HYDROLITE JKT BLK/C.BLU/WHT,DJLTJK,067300,62019300,00,10001,8B,67,EA,EA,1,1,0.35,2.8571,AWAIT CATEGORY,LBJAXAC,FJOW,USProdStr,95579M,,B,China,RWEAR,18,1,120,34.77,,,,,,,,,,,,999.99,999.99,999.99,999.99,999.99,999.99,999.99,999.99,999.99,999.99,999.99,999.99,999.99,999.99,999.99,999.99,999.99,999.99,
95579L,HYDROLITE JKT BLK/C.BLU/WHT,DJLTJK,067300,62019300,00,10001,8B,67,EA,EA,1,1,0.35,2.8571,AWAIT CATEGORY,LBJAXAD,FJOW,USProdStr,95579L,,B,China,RWEAR,18,1,120,34.77,,,,,,,,,,,,999.99,999.99,999.99,999.99,999.99,999.99,999.99,999.99,999.99,999.99,999.99,999.99,999.99,999.99,999.99,999.99,999.99,999.99,
95579XL,HYDROLITE JKT BLK/C.BLU/WHT,DJLTJK,067300,62019300,00,10001,8B,67,EA,EA,1,1,0.35,2.8571,AWAIT CATEGORY,LBJAXAE,FJOW,USProdStr,95579XL,,B,China,RWEAR,18,1,120,34.77,,,,,,,,,,,,999.99,999.99,999.99,999.99,999.99,999.99,999.99,999.99,999.99,999.99,999.99,999.99,999.99,999.99,999.99,999.99,999.99,999.99,
95579XXL,HYDROLITE JKT BLK/C.BLU/WHT,DJLTJK,067300,62019300,00,10001,8B,67,EA,EA,1,1,0.35,2.8571,AWAIT CATEGORY,LBJAXAF,FJOW,USProdStr,95579XXL,,B,China,RWEAR,18,1,120,34.77,,,,,,,,,,,,999.99,999.99,999.99,999.99,999.99,999.99,999.99,999.99,999.99,999.99,999.99,999.99,999.99,999.99,999.99,999.99,999.99,999.99,
95582S,HYDROLITE JKT BLK CHECK W/R,DJLTJK,067300,62019300,00,10001,8B,67,EA,EA,1,1,0.35,2.8571,AWAIT CATEGORY,LBJAYAB,FJOW,USProdStr,95582S,,B,China,RWEAR,18,1,120,34.77,,,,,,,,,,,,999.99,999.99,999.99,999.99,999.99,999.99,999.99,999.99,999.99,999.99,999.99,999.99,999.99,999.99,999.99,999.99,999.99,999.99,
95582M,HYDROLITE JKT BLK CHECK W/R,DJLTJK,067300,62019300,00,10001,8B,67,EA,EA,1,1,0.35,2.8571,AWAIT CATEGORY,LBJAYAC,FJOW,USProdStr,95582M,,B,China,RWEAR,18,1,120,34.77,,,,,,,,,,,,999.99,999.99,999.99,999.99,999.99,999.99,999.99,999.99,999.99,999.99,999.99,999.99,999.99,999.99,999.99,999.99,999.99,999.99,
95582L,HYDROLITE JKT BLK CHECK W/R,DJLTJK,067300,62019300,00,10001,8B,67,EA,EA,1,1,0.35,2.8571,AWAIT CATEGORY,LBJAYAD,FJOW,USProdStr,95582L,,B,China,RWEAR,18,1,120,34.77,,,,,,,,,,,,999.99,999.99,999.99,999.99,999.99,999.99,999.99,999.99,999.99,999.99,999.99,999.99,999.99,999.99,999.99,999.99,999.99,999.99,
95582XL,HYDROLITE JKT BLK CHECK W/R,DJLTJK,067300,62019300,00,10001,8B,67,EA,EA,1,1,0.35,2.8571,AWAIT CATEGORY,LBJAYAE,FJOW,USProdStr,95582XL,,B,China,RWEAR,18,1,120,34.77,,,,,,,,,,,,999.99,999.99,999.99,999.99,999.99,999.99,999.99,999.99,999.99,999.99,999.99,999.99,999.99,999.99,999.99,999.99,999.99,999.99,
95582XXL,HYDROLITE JKT BLK CHECK W/R,DJLTJK,067300,62019300,00,10001,8B,67,EA,EA,1,1,0.35,2.8571,AWAIT CATEGORY,LBJAYAF,FJOW,USProdStr,95582XXL,,B,China,RWEAR,18,1,120,34.77,,,,,,,,,,,,999.99,999.99,999.99,999.99,999.99,999.99,999.99,999.99,999.99,999.99,999.99,999.99,999.99,999.99,999.99,999.99,999.99,999.99,
95583S,HYDROLITE RS NVY CHECK W/C.B,DJLTSH,067300,62019300,00,10001,8C,67,EA,EA,1,1,0.35,2.8571,AWAIT CATEGORY,LBJBRAB,FJOW,USProdStr,95583S,,B,China,RWEAR,18,1,120,32.79,,,,,,,,,,,,999.99,999.99,999.99,999.99,999.99,999.99,999.99,999.99,999.99,999.99,999.99,999.99,999.99,999.99,999.99,999.99,999.99,999.99,
95583M,HYDROLITE RS NVY CHECK W/C.B,DJLTSH,067300,62019300,00,10001,8C,67,EA,EA,1,1,0.35,2.8571,AWAIT CATEGORY,LBJBRAC,FJOW,USProdStr,95583M,,B,China,RWEAR,18,1,120,32.79,,,,,,,,,,,,999.99,999.99,999.99,999.99,999.99,999.99,999.99,999.99,999.99,999.99,999.99,999.99,999.99,999.99,999.99,999.99,999.99,999.99,
95583L,HYDROLITE RS NVY CHECK W/C.B,DJLTSH,067300,62019300,00,10001,8C,67,EA,EA,1,1,0.35,2.8571,AWAIT CATEGORY,LBJBRAD,FJOW,USProdStr,95583L,,B,China,RWEAR,18,1,120,32.79,,,,,,,,,,,,999.99,999.99,999.99,999.99,999.99,999.99,999.99,999.99,999.99,999.99,999.99,999.99,999.99,999.99,999.99,999.99,999.99,999.99,
95583XL,HYDROLITE RS NVY CHECK W/C.B,DJLTSH,067300,62019300,00,10001,8C,67,EA,EA,1,1,0.35,2.8571,AWAIT CATEGORY,LBJBRAE,FJOW,USProdStr,95583XL,,B,China,RWEAR,18,1,120,32.79,,,,,,,,,,,,999.99,999.99,999.99,999.99,999.99,999.99,999.99,999.99,999.99,999.99,999.99,999.99,999.99,999.99,999.99,999.99,999.99,999.99,
95583XXL,HYDROLITE RS NVY CHECK W/C.B,DJLTSH,067300,62019300,00,10001,8C,67,EA,EA,1,1,0.35,2.8571,AWAIT CATEGORY,LBJBRAF,FJOW,USProdStr,95583XXL,,B,China,RWEAR,18,1,120,32.79,,,,,,,,,,,,999.99,999.99,999.99,999.99,999.99,999.99,999.99,999.99,999.99,999.99,999.99,999.99,999.99,999.99,999.99,999.99,999.99,999.99,
95584S,THERMAL QUILT JKT BLK,FJPFSH,067300,62019300,00,10001,8D,67,EA,EA,1,1,0.35,2.8571,AWAIT CATEGORY,LBNNJAB,FJOW,USProdStr,95584S,,B,China,RWEAR,18,1,120,34.8,,,,,,,,,,,,999.99,999.99,999.99,999.99,999.99,999.99,999.99,999.99,999.99,999.99,999.99,999.99,999.99,999.99,999.99,999.99,999.99,999.99,
95584M,THERMAL QUILT JKT BLK,FJPFSH,067300,62019300,00,10001,8D,67,EA,EA,1,1,0.35,2.8571,AWAIT CATEGORY,LBNNJAC,FJOW,USProdStr,95584M,,B,China,RWEAR,18,1,120,34.8,,,,,,,,,,,,999.99,999.99,999.99,999.99,999.99,999.99,999.99,999.99,999.99,999.99,999.99,999.99,999.99,999.99,999.99,999.99,999.99,999.99,
95584L,THERMAL QUILT JKT BLK,FJPFSH,067300,62019300,00,10001,8D,67,EA,EA,1,1,0.35,2.8571,AWAIT CATEGORY,LBNNJAD,FJOW,USProdStr,95584L,,B,China,RWEAR,18,1,120,34.8,,,,,,,,,,,,999.99,999.99,999.99,999.99,999.99,999.99,999.99,999.99,999.99,999.99,999.99,999.99,999.99,999.99,999.99,999.99,999.99,999.99,
95584XL,THERMAL QUILT JKT BLK,FJPFSH,067300,62019300,00,10001,8D,67,EA,EA,1,1,0.35,2.8571,AWAIT CATEGORY,LBNNJAE,FJOW,USProdStr,95584XL,,B,China,RWEAR,18,1,120,34.8,,,,,,,,,,,,999.99,999.99,999.99,999.99,999.99,999.99,999.99,999.99,999.99,999.99,999.99,999.99,999.99,999.99,999.99,999.99,999.99,999.99,
95584XXL,THERMAL QUILT JKT BLK,FJPFSH,067300,62019300,00,10001,8D,67,EA,EA,1,1,0.35,2.8571,AWAIT CATEGORY,LBNNJAF,FJOW,USProdStr,95584XXL,,B,China,RWEAR,18,1,120,34.8,,,,,,,,,,,,999.99,999.99,999.99,999.99,999.99,999.99,999.99,999.99,999.99,999.99,999.99,999.99,999.99,999.99,999.99,999.99,999.99,999.99,
95585S,THERMAL QUILT JKT NVY/C.BLU,FJPFSH,067300,62019300,00,10001,8D,67,EA,EA,1,1,0.35,2.8571,AWAIT CATEGORY,LBNNKAB,FJOW,USProdStr,95585S,,B,China,RWEAR,18,1,120,34.8,,,,,,,,,,,,999.99,999.99,999.99,999.99,999.99,999.99,999.99,999.99,999.99,999.99,999.99,999.99,999.99,999.99,999.99,999.99,999.99,999.99,
95585M,THERMAL QUILT JKT NVY/C.BLU,FJPFSH,067300,62019300,00,10001,8D,67,EA,EA,1,1,0.35,2.8571,AWAIT CATEGORY,LBNNKAC,FJOW,USProdStr,95585M,,B,China,RWEAR,18,1,120,34.8,,,,,,,,,,,,999.99,999.99,999.99,999.99,999.99,999.99,999.99,999.99,999.99,999.99,999.99,999.99,999.99,999.99,999.99,999.99,999.99,999.99,
95585L,THERMAL QUILT JKT NVY/C.BLU,FJPFSH,067300,62019300,00,10001,8D,67,EA,EA,1,1,0.35,2.8571,AWAIT CATEGORY,LBNNKAD,FJOW,USProdStr,95585L,,B,China,RWEAR,18,1,120,34.8,,,,,,,,,,,,999.99,999.99,999.99,999.99,999.99,999.99,999.99,999.99,999.99,999.99,999.99,999.99,999.99,999.99,999.99,999.99,999.99,999.99,
95585XL,THERMAL QUILT JKT NVY/C.BLU,FJPFSH,067300,62019300,00,10001,8D,67,EA,EA,1,1,0.35,2.8571,AWAIT CATEGORY,LBNNKAE,FJOW,USProdStr,95585XL,,B,China,RWEAR,18,1,120,34.8,,,,,,,,,,,,999.99,999.99,999.99,999.99,999.99,999.99,999.99,999.99,999.99,999.99,999.99,999.99,999.99,999.99,999.99,999.99,999.99,999.99,
95585XXL,THERMAL QUILT JKT NVY/C.BLU,FJPFSH,067300,62019300,00,10001,8D,67,EA,EA,1,1,0.35,2.8571,AWAIT CATEGORY,LBNNKAF,FJOW,USProdStr,95585XXL,,B,China,RWEAR,18,1,120,34.8,,,,,,,,,,,,999.99,999.99,999.99,999.99,999.99,999.99,999.99,999.99,999.99,999.99,999.99,999.99,999.99,999.99,999.99,999.99,999.99,999.99,
95586S,THERMAL QUILT JKT H.GRY/WHT,FJPFSH,067300,62019300,00,10001,8D,67,EA,EA,1,1,0.35,2.8571,AWAIT CATEGORY,LBNNLAB,FJOW,USProdStr,95586S,,B,China,RWEAR,18,1,120,34.8,,,,,,,,,,,,999.99,999.99,999.99,999.99,999.99,999.99,999.99,999.99,999.99,999.99,999.99,999.99,999.99,999.99,999.99,999.99,999.99,999.99,
95586M,THERMAL QUILT JKT H.GRY/WHT,FJPFSH,067300,62019300,00,10001,8D,67,EA,EA,1,1,0.35,2.8571,AWAIT CATEGORY,LBNNLAC,FJOW,USProdStr,95586M,,B,China,RWEAR,18,1,120,34.8,,,,,,,,,,,,999.99,999.99,999.99,999.99,999.99,999.99,999.99,999.99,999.99,999.99,999.99,999.99,999.99,999.99,999.99,999.99,999.99,999.99,
95586L,THERMAL QUILT JKT H.GRY/WHT,FJPFSH,067300,62019300,00,10001,8D,67,EA,EA,1,1,0.35,2.8571,AWAIT CATEGORY,LBNNLAD,FJOW,USProdStr,95586L,,B,China,RWEAR,18,1,120,34.8,,,,,,,,,,,,999.99,999.99,999.99,999.99,999.99,999.99,999.99,999.99,999.99,999.99,999.99,999.99,999.99,999.99,999.99,999.99,999.99,999.99,
95586XL,THERMAL QUILT JKT H.GRY/WHT,FJPFSH,067300,62019300,00,10001,8D,67,EA,EA,1,1,0.35,2.8571,AWAIT CATEGORY,LBNNLAE,FJOW,USProdStr,95586XL,,B,China,RWEAR,18,1,120,34.8,,,,,,,,,,,,999.99,999.99,999.99,999.99,999.99,999.99,999.99,999.99,999.99,999.99,999.99,999.99,999.99,999.99,999.99,999.99,999.99,999.99,
95586XXL,THERMAL QUILT JKT H.GRY/WHT,FJPFSH,067300,62019300,00,10001,8D,67,EA,EA,1,1,0.35,2.8571,AWAIT CATEGORY,LBNNLAF,FJOW,USProdStr,95586XXL,,B,China,RWEAR,18,1,120,34.8,,,,,,,,,,,,999.99,999.99,999.99,999.99,999.99,999.99,999.99,999.99,999.99,999.99,999.99,999.99,999.99,999.99,999.99,999.99,999.99,999.99,
95587S,THERMAL QUILT VEST BLK,FJPFSH,067300,62019300,00,10001,8D,67,EA,EA,1,1,0.35,2.8571,AWAIT CATEGORY,LBNNMAB,FJOW,USProdStr,95587S,,B,China,RWEAR,18,1,120,29.18,,,,,,,,,,,,999.99,999.99,999.99,999.99,999.99,999.99,999.99,999.99,999.99,999.99,999.99,999.99,999.99,999.99,999.99,999.99,999.99,999.99,
95587M,THERMAL QUILT VEST BLK,FJPFSH,067300,62019300,00,10001,8D,67,EA,EA,1,1,0.35,2.8571,AWAIT CATEGORY,LBNNMAC,FJOW,USProdStr,95587M,,B,China,RWEAR,18,1,120,29.18,,,,,,,,,,,,999.99,999.99,999.99,999.99,999.99,999.99,999.99,999.99,999.99,999.99,999.99,999.99,999.99,999.99,999.99,999.99,999.99,999.99,
95587L,THERMAL QUILT VEST BLK,FJPFSH,067300,62019300,00,10001,8D,67,EA,EA,1,1,0.35,2.8571,AWAIT CATEGORY,LBNNMAD,FJOW,USProdStr,95587L,,B,China,RWEAR,18,1,120,29.18,,,,,,,,,,,,999.99,999.99,999.99,999.99,999.99,999.99,999.99,999.99,999.99,999.99,999.99,999.99,999.99,999.99,999.99,999.99,999.99,999.99,
95587XL,THERMAL QUILT VEST BLK,FJPFSH,067300,62019300,00,10001,8D,67,EA,EA,1,1,0.35,2.8571,AWAIT CATEGORY,LBNNMAE,FJOW,USProdStr,95587XL,,B,China,RWEAR,18,1,120,29.18,,,,,,,,,,,,999.99,999.99,999.99,999.99,999.99,999.99,999.99,999.99,999.99,999.99,999.99,999.99,999.99,999.99,999.99,999.99,999.99,999.99,
95587XXL,THERMAL QUILT VEST BLK,FJPFSH,067300,62019300,00,10001,8D,67,EA,EA,1,1,0.35,2.8571,AWAIT CATEGORY,LBNNMAF,FJOW,USProdStr,95587XXL,,B,China,RWEAR,18,1,120,29.18,,,,,,,,,,,,999.99,999.99,999.99,999.99,999.99,999.99,999.99,999.99,999.99,999.99,999.99,999.99,999.99,999.99,999.99,999.99,999.99,999.99,
95589S,THERMAL QUILT VEST NVY/C.BLU,FJPFSH,067300,62019300,00,10001,8D,67,EA,EA,1,1,0.35,2.8571,AWAIT CATEGORY,LBNNNAB,FJOW,USProdStr,95589S,,B,China,RWEAR,18,1,120,29.18,,,,,,,,,,,,999.99,999.99,999.99,999.99,999.99,999.99,999.99,999.99,999.99,999.99,999.99,999.99,999.99,999.99,999.99,999.99,999.99,999.99,
95589M,THERMAL QUILT VEST NVY/C.BLU,FJPFSH,067300,62019300,00,10001,8D,67,EA,EA,1,1,0.35,2.8571,AWAIT CATEGORY,LBNNNAC,FJOW,USProdStr,95589M,,B,China,RWEAR,18,1,120,29.18,,,,,,,,,,,,999.99,999.99,999.99,999.99,999.99,999.99,999.99,999.99,999.99,999.99,999.99,999.99,999.99,999.99,999.99,999.99,999.99,999.99,
95589L,THERMAL QUILT VEST NVY/C.BLU,FJPFSH,067300,62019300,00,10001,8D,67,EA,EA,1,1,0.35,2.8571,AWAIT CATEGORY,LBNNNAD,FJOW,USProdStr,95589L,,B,China,RWEAR,18,1,120,29.18,,,,,,,,,,,,999.99,999.99,999.99,999.99,999.99,999.99,999.99,999.99,999.99,999.99,999.99,999.99,999.99,999.99,999.99,999.99,999.99,999.99,
95589XL,THERMAL QUILT VEST NVY/C.BLU,FJPFSH,067300,62019300,00,10001,8D,67,EA,EA,1,1,0.35,2.8571,AWAIT CATEGORY,LBNNNAE,FJOW,USProdStr,95589XL,,B,China,RWEAR,18,1,120,29.18,,,,,,,,,,,,999.99,999.99,999.99,999.99,999.99,999.99,999.99,999.99,999.99,999.99,999.99,999.99,999.99,999.99,999.99,999.99,999.99,999.99,
95589XXL,THERMAL QUILT VEST NVY/C.BLU,FJPFSH,067300,62019300,00,10001,8D,67,EA,EA,1,1,0.35,2.8571,AWAIT CATEGORY,LBNNNAF,FJOW,USProdStr,95589XXL,,B,China,RWEAR,18,1,120,29.18,,,,,,,,,,,,999.99,999.99,999.99,999.99,999.99,999.99,999.99,999.99,999.99,999.99,999.99,999.99,999.99,999.99,999.99,999.99,999.99,999.99,
95430S,LWOOL LINED 1/2 ZIP C.BLU,FJPLOV,067300,61101130,00,10001,8O,67,EA,EA,1,1,0.4,2.5,AWAIT CATEGORY,LCACRAB,FJAP,USProdStr,95430S,,B,China,RWEAR,18,1,120,29.32,,,,,,,,,,,,999.99,999.99,999.99,999.99,999.99,999.99,999.99,999.99,999.99,999.99,999.99,999.99,999.99,999.99,999.99,999.99,999.99,999.99,
95430M,LWOOL LINED 1/2 ZIP C.BLU,FJPLOV,067300,61101130,00,10001,8O,67,EA,EA,1,1,0.4,2.5,AWAIT CATEGORY,LCACRAC,FJAP,USProdStr,95430M,,B,China,RWEAR,18,1,120,29.32,,,,,,,,,,,,999.99,999.99,999.99,999.99,999.99,999.99,999.99,999.99,999.99,999.99,999.99,999.99,999.99,999.99,999.99,999.99,999.99,999.99,
95430L,LWOOL LINED 1/2 ZIP C.BLU,FJPLOV,067300,61101130,00,10001,8O,67,EA,EA,1,1,0.4,2.5,AWAIT CATEGORY,LCACRAD,FJAP,USProdStr,95430L,,B,China,RWEAR,18,1,120,29.32,,,,,,,,,,,,999.99,999.99,999.99,999.99,999.99,999.99,999.99,999.99,999.99,999.99,999.99,999.99,999.99,999.99,999.99,999.99,999.99,999.99,
95430XL,LWOOL LINED 1/2 ZIP C.BLU,FJPLOV,067300,61101130,00,10001,8O,67,EA,EA,1,1,0.4,2.5,AWAIT CATEGORY,LCACRAE,FJAP,USProdStr,95430XL,,B,China,RWEAR,18,1,120,29.32,,,,,,,,,,,,999.99,999.99,999.99,999.99,999.99,999.99,999.99,999.99,999.99,999.99,999.99,999.99,999.99,999.99,999.99,999.99,999.99,999.99,
95430XXL,LWOOL LINED 1/2 ZIP C.BLU,FJPLOV,067300,61101130,00,10001,8O,67,EA,EA,1,1,0.4,2.5,AWAIT CATEGORY,LCACRAF,FJAP,USProdStr,95430XXL,,B,China,RWEAR,18,1,120,29.32,,,,,,,,,,,,999.99,999.99,999.99,999.99,999.99,999.99,999.99,999.99,999.99,999.99,999.99,999.99,999.99,999.99,999.99,999.99,999.99,999.99,
95431S,LWOOL LINED 1/2 ZIP L.GRY,FJPLOV,067300,61101130,00,10001,8O,67,EA,EA,1,1,0.4,2.5,AWAIT CATEGORY,LCACSAB,FJAP,USProdStr,95431S,,B,China,RWEAR,18,1,120,29.32,,,,,,,,,,,,999.99,999.99,999.99,999.99,999.99,999.99,999.99,999.99,999.99,999.99,999.99,999.99,999.99,999.99,999.99,999.99,999.99,999.99,
95431M,LWOOL LINED 1/2 ZIP L.GRY,FJPLOV,067300,61101130,00,10001,8O,67,EA,EA,1,1,0.4,2.5,AWAIT CATEGORY,LCACSAC,FJAP,USProdStr,95431M,,B,China,RWEAR,18,1,120,29.32,,,,,,,,,,,,999.99,999.99,999.99,999.99,999.99,999.99,999.99,999.99,999.99,999.99,999.99,999.99,999.99,999.99,999.99,999.99,999.99,999.99,
95431L,LWOOL LINED 1/2 ZIP L.GRY,FJPLOV,067300,61101130,00,10001,8O,67,EA,EA,1,1,0.4,2.5,AWAIT CATEGORY,LCACSAD,FJAP,USProdStr,95431L,,B,China,RWEAR,18,1,120,29.32,,,,,,,,,,,,999.99,999.99,999.99,999.99,999.99,999.99,999.99,999.99,999.99,999.99,999.99,999.99,999.99,999.99,999.99,999.99,999.99,999.99,
95431XL,LWOOL LINED 1/2 ZIP L.GRY,FJPLOV,067300,61101130,00,10001,8O,67,EA,EA,1,1,0.4,2.5,AWAIT CATEGORY,LCACSAE,FJAP,USProdStr,95431XL,,B,China,RWEAR,18,1,120,29.32,,,,,,,,,,,,999.99,999.99,999.99,999.99,999.99,999.99,999.99,999.99,999.99,999.99,999.99,999.99,999.99,999.99,999.99,999.99,999.99,999.99,
95431XXL,LWOOL LINED 1/2 ZIP L.GRY,FJPLOV,067300,61101130,00,10001,8O,67,EA,EA,1,1,0.4,2.5,AWAIT CATEGORY,LCACSAF,FJAP,USProdStr,95431XXL,,B,China,RWEAR,18,1,120,29.32,,,,,,,,,,,,999.99,999.99,999.99,999.99,999.99,999.99,999.99,999.99,999.99,999.99,999.99,999.99,999.99,999.99,999.99,999.99,999.99,999.99,
95432S,L'WOOL VNECK CADET BLUE,FJPLOV,067300,61101130,00,10001,8O,67,EA,EA,1,1,0.4,2.5,AWAIT CATEGORY,LCADJAB,FJAP,USProdStr,95432S,,B,China,RWEAR,18,1,120,21.73,,,,,,,,,,,,999.99,999.99,999.99,999.99,999.99,999.99,999.99,999.99,999.99,999.99,999.99,999.99,999.99,999.99,999.99,999.99,999.99,999.99,
95432M,L'WOOL VNECK CADET BLUE,FJPLOV,067300,61101130,00,10001,8O,67,EA,EA,1,1,0.4,2.5,AWAIT CATEGORY,LCADJAC,FJAP,USProdStr,95432M,,B,China,RWEAR,18,1,120,21.73,,,,,,,,,,,,999.99,999.99,999.99,999.99,999.99,999.99,999.99,999.99,999.99,999.99,999.99,999.99,999.99,999.99,999.99,999.99,999.99,999.99,
95432L,L'WOOL VNECK CADET BLUE,FJPLOV,067300,61101130,00,10001,8O,67,EA,EA,1,1,0.4,2.5,AWAIT CATEGORY,LCADJAD,FJAP,USProdStr,95432L,,B,China,RWEAR,18,1,120,21.73,,,,,,,,,,,,999.99,999.99,999.99,999.99,999.99,999.99,999.99,999.99,999.99,999.99,999.99,999.99,999.99,999.99,999.99,999.99,999.99,999.99,
95432XL,L'WOOL VNECK CADET BLUE,FJPLOV,067300,61101130,00,10001,8O,67,EA,EA,1,1,0.4,2.5,AWAIT CATEGORY,LCADJAE,FJAP,USProdStr,95432XL,,B,China,RWEAR,18,1,120,21.73,,,,,,,,,,,,999.99,999.99,999.99,999.99,999.99,999.99,999.99,999.99,999.99,999.99,999.99,999.99,999.99,999.99,999.99,999.99,999.99,999.99,
95432XXL,L'WOOL VNECK CADET BLUE,FJPLOV,067300,61101130,00,10001,8O,67,EA,EA,1,1,0.4,2.5,AWAIT CATEGORY,LCADJAF,FJAP,USProdStr,95432XXL,,B,China,RWEAR,18,1,120,21.73,,,,,,,,,,,,999.99,999.99,999.99,999.99,999.99,999.99,999.99,999.99,999.99,999.99,999.99,999.99,999.99,999.99,999.99,999.99,999.99,999.99,
95433S,L'WOOL VNECK INDIGO,FJPLOV,067300,61101130,00,10001,8O,67,EA,EA,1,1,0.4,2.5,AWAIT CATEGORY,LCADKAB,FJAP,USProdStr,95433S,,B,China,RWEAR,18,1,120,21.73,,,,,,,,,,,,999.99,999.99,999.99,999.99,999.99,999.99,999.99,999.99,999.99,999.99,999.99,999.99,999.99,999.99,999.99,999.99,999.99,999.99,
95433M,L'WOOL VNECK INDIGO,FJPLOV,067300,61101130,00,10001,8O,67,EA,EA,1,1,0.4,2.5,AWAIT CATEGORY,LCADKAC,FJAP,USProdStr,95433M,,B,China,RWEAR,18,1,120,21.73,,,,,,,,,,,,999.99,999.99,999.99,999.99,999.99,999.99,999.99,999.99,999.99,999.99,999.99,999.99,999.99,999.99,999.99,999.99,999.99,999.99,
95433L,L'WOOL VNECK INDIGO,FJPLOV,067300,61101130,00,10001,8O,67,EA,EA,1,1,0.4,2.5,AWAIT CATEGORY,LCADKAD,FJAP,USProdStr,95433L,,B,China,RWEAR,18,1,120,21.73,,,,,,,,,,,,999.99,999.99,999.99,999.99,999.99,999.99,999.99,999.99,999.99,999.99,999.99,999.99,999.99,999.99,999.99,999.99,999.99,999.99,
95433XL,L'WOOL VNECK INDIGO,FJPLOV,067300,61101130,00,10001,8O,67,EA,EA,1,1,0.4,2.5,AWAIT CATEGORY,LCADKAE,FJAP,USProdStr,95433XL,,B,China,RWEAR,18,1,120,21.73,,,,,,,,,,,,999.99,999.99,999.99,999.99,999.99,999.99,999.99,999.99,999.99,999.99,999.99,999.99,999.99,999.99,999.99,999.99,999.99,999.99,
95433XXL,L'WOOL VNECK INDIGO,FJPLOV,067300,61101130,00,10001,8O,67,EA,EA,1,1,0.4,2.5,AWAIT CATEGORY,LCADKAF,FJAP,USProdStr,95433XXL,,B,China,RWEAR,18,1,120,21.73,,,,,,,,,,,,999.99,999.99,999.99,999.99,999.99,999.99,999.99,999.99,999.99,999.99,999.99,999.99,999.99,999.99,999.99,999.99,999.99,999.99,
92568S,FLEECE C/OUT XTREME BLK/WHT,FJPLOV,067300,61103091,00,10001,8O,67,EA,EA,1,1,0.35,2.8571,AWAIT CATEGORY,LCAQWAB,FJAP,USProdStr,92568S,,B,China,RWEAR,18,1,95,16.99,,,,,,,,,,,,999.99,999.99,999.99,999.99,999.99,999.99,999.99,999.99,999.99,999.99,999.99,999.99,999.99,999.99,999.99,999.99,999.99,999.99,
92568M,FLEECE C/OUT XTREME BLK/WHT,FJPLOV,067300,61103091,00,10001,8O,67,EA,EA,1,1,0.35,2.8571,AWAIT CATEGORY,LCAQWAC,FJAP,USProdStr,92568M,,B,China,RWEAR,18,1,95,16.99,,,,,,,,,,,,999.99,999.99,999.99,999.99,999.99,999.99,999.99,999.99,999.99,999.99,999.99,999.99,999.99,999.99,999.99,999.99,999.99,999.99,
92568L,FLEECE C/OUT XTREME BLK/WHT,FJPLOV,067300,61103091,00,10001,8O,67,EA,EA,1,1,0.35,2.8571,AWAIT CATEGORY,LCAQWAD,FJAP,USProdStr,92568L,,B,China,RWEAR,18,1,95,16.99,,,,,,,,,,,,999.99,999.99,999.99,999.99,999.99,999.99,999.99,999.99,999.99,999.99,999.99,999.99,999.99,999.99,999.99,999.99,999.99,999.99,
92568XL,FLEECE C/OUT XTREME BLK/WHT,FJPLOV,067300,61103091,00,10001,8O,67,EA,EA,1,1,0.35,2.8571,AWAIT CATEGORY,LCAQWAE,FJAP,USProdStr,92568XL,,B,China,RWEAR,18,1,95,16.99,,,,,,,,,,,,999.99,999.99,999.99,999.99,999.99,999.99,999.99,999.99,999.99,999.99,999.99,999.99,999.99,999.99,999.99,999.99,999.99,999.99,
92568XXL,FLEECE C/OUT XTREME BLK/WHT,FJPLOV,067300,61103091,00,10001,8O,67,EA,EA,1,1,0.35,2.8571,AWAIT CATEGORY,LCAQWAF,FJAP,USProdStr,92568XXL,,B,China,RWEAR,18,1,95,16.99,,,,,,,,,,,,999.99,999.99,999.99,999.99,999.99,999.99,999.99,999.99,999.99,999.99,999.99,999.99,999.99,999.99,999.99,999.99,999.99,999.99,
92569S,FLEECE C/OUT XTREME H.GRY/WHT,FJPLOV,067300,61103091,00,10001,8O,67,EA,EA,1,1,0.35,2.8571,AWAIT CATEGORY,LCAQXAB,FJAP,USProdStr,92569S,,B,China,RWEAR,18,1,95,16.99,,,,,,,,,,,,999.99,999.99,999.99,999.99,999.99,999.99,999.99,999.99,999.99,999.99,999.99,999.99,999.99,999.99,999.99,999.99,999.99,999.99,
92569M,FLEECE C/OUT XTREME H.GRY/WHT,FJPLOV,067300,61103091,00,10001,8O,67,EA,EA,1,1,0.35,2.8571,AWAIT CATEGORY,LCAQXAC,FJAP,USProdStr,92569M,,B,China,RWEAR,18,1,95,16.99,,,,,,,,,,,,999.99,999.99,999.99,999.99,999.99,999.99,999.99,999.99,999.99,999.99,999.99,999.99,999.99,999.99,999.99,999.99,999.99,999.99,
92569L,FLEECE C/OUT XTREME H.GRY/WHT,FJPLOV,067300,61103091,00,10001,8O,67,EA,EA,1,1,0.35,2.8571,AWAIT CATEGORY,LCAQXAD,FJAP,USProdStr,92569L,,B,China,RWEAR,18,1,95,16.99,,,,,,,,,,,,999.99,999.99,999.99,999.99,999.99,999.99,999.99,999.99,999.99,999.99,999.99,999.99,999.99,999.99,999.99,999.99,999.99,999.99,
92569XL,FLEECE C/OUT XTREME H.GRY/WHT,FJPLOV,067300,61103091,00,10001,8O,67,EA,EA,1,1,0.35,2.8571,AWAIT CATEGORY,LCAQXAE,FJAP,USProdStr,92569XL,,B,China,RWEAR,18,1,95,16.99,,,,,,,,,,,,999.99,999.99,999.99,999.99,999.99,999.99,999.99,999.99,999.99,999.99,999.99,999.99,999.99,999.99,999.99,999.99,999.99,999.99,
92569XXL,FLEECE C/OUT XTREME H.GRY/WHT,FJPLOV,067300,61103091,00,10001,8O,67,EA,EA,1,1,0.35,2.8571,AWAIT CATEGORY,LCAQXAF,FJAP,USProdStr,92569XXL,,B,China,RWEAR,18,1,95,16.99,,,,,,,,,,,,999.99,999.99,999.99,999.99,999.99,999.99,999.99,999.99,999.99,999.99,999.99,999.99,999.99,999.99,999.99,999.99,999.99,999.99,
92527S,JERSEY C/OUT XTREME BLK/CHA,FJPLOV,067300,61103091,00,10001,8O,67,EA,EA,1,1,0.35,2.8571,AWAIT CATEGORY,LCAQYAB,FJAP,USProdStr,92527S,,B,China,RWEAR,18,1,95,16.61,,,,,,,,,,,,999.99,999.99,999.99,999.99,999.99,999.99,999.99,999.99,999.99,999.99,999.99,999.99,999.99,999.99,999.99,999.99,999.99,999.99,
92527M,JERSEY C/OUT XTREME BLK/CHA,FJPLOV,067300,61103091,00,10001,8O,67,EA,EA,1,1,0.35,2.8571,AWAIT CATEGORY,LCAQYAC,FJAP,USProdStr,92527M,,B,China,RWEAR,18,1,95,16.61,,,,,,,,,,,,999.99,999.99,999.99,999.99,999.99,999.99,999.99,999.99,999.99,999.99,999.99,999.99,999.99,999.99,999.99,999.99,999.99,999.99,
92527L,JERSEY C/OUT XTREME BLK/CHA,FJPLOV,067300,61103091,00,10001,8O,67,EA,EA,1,1,0.35,2.8571,AWAIT CATEGORY,LCAQYAD,FJAP,USProdStr,92527L,,B,China,RWEAR,18,1,95,16.61,,,,,,,,,,,,999.99,999.99,999.99,999.99,999.99,999.99,999.99,999.99,999.99,999.99,999.99,999.99,999.99,999.99,999.99,999.99,999.99,999.99,
92527XL,JERSEY C/OUT XTREME BLK/CHA,FJPLOV,067300,61103091,00,10001,8O,67,EA,EA,1,1,0.35,2.8571,AWAIT CATEGORY,LCAQYAE,FJAP,USProdStr,92527XL,,B,China,RWEAR,18,1,95,16.61,,,,,,,,,,,,999.99,999.99,999.99,999.99,999.99,999.99,999.99,999.99,999.99,999.99,999.99,999.99,999.99,999.99,999.99,999.99,999.99,999.99,
92527XXL,JERSEY C/OUT XTREME BLK/CHA,FJPLOV,067300,61103091,00,10001,8O,67,EA,EA,1,1,0.35,2.8571,AWAIT CATEGORY,LCAQYAF,FJAP,USProdStr,92527XXL,,B,China,RWEAR,18,1,95,16.61,,,,,,,,,,,,999.99,999.99,999.99,999.99,999.99,999.99,999.99,999.99,999.99,999.99,999.99,999.99,999.99,999.99,999.99,999.99,999.99,999.99,
92528S,JERSEY C/OUT XTREME NVY/H.GRY,FJPLOV,067300,61103091,00,10001,8O,67,EA,EA,1,1,0.35,2.8571,AWAIT CATEGORY,LCAQZAB,FJAP,USProdStr,92528S,,B,China,RWEAR,18,1,95,16.61,,,,,,,,,,,,999.99,999.99,999.99,999.99,999.99,999.99,999.99,999.99,999.99,999.99,999.99,999.99,999.99,999.99,999.99,999.99,999.99,999.99,
92528M,JERSEY C/OUT XTREME NVY/H.GRY,FJPLOV,067300,61103091,00,10001,8O,67,EA,EA,1,1,0.35,2.8571,AWAIT CATEGORY,LCAQZAC,FJAP,USProdStr,92528M,,B,China,RWEAR,18,1,95,16.61,,,,,,,,,,,,999.99,999.99,999.99,999.99,999.99,999.99,999.99,999.99,999.99,999.99,999.99,999.99,999.99,999.99,999.99,999.99,999.99,999.99,
92528L,JERSEY C/OUT XTREME NVY/H.GRY,FJPLOV,067300,61103091,00,10001,8O,67,EA,EA,1,1,0.35,2.8571,AWAIT CATEGORY,LCAQZAD,FJAP,USProdStr,92528L,,B,China,RWEAR,18,1,95,16.61,,,,,,,,,,,,999.99,999.99,999.99,999.99,999.99,999.99,999.99,999.99,999.99,999.99,999.99,999.99,999.99,999.99,999.99,999.99,999.99,999.99,
92528XL,JERSEY C/OUT XTREME NVY/H.GRY,FJPLOV,067300,61103091,00,10001,8O,67,EA,EA,1,1,0.35,2.8571,AWAIT CATEGORY,LCAQZAE,FJAP,USProdStr,92528XL,,B,China,RWEAR,18,1,95,16.61,,,,,,,,,,,,999.99,999.99,999.99,999.99,999.99,999.99,999.99,999.99,999.99,999.99,999.99,999.99,999.99,999.99,999.99,999.99,999.99,999.99,
92528XXL,JERSEY C/OUT XTREME NVY/H.GRY,FJPLOV,067300,61103091,00,10001,8O,67,EA,EA,1,1,0.35,2.8571,AWAIT CATEGORY,LCAQZAF,FJAP,USProdStr,92528XXL,,B,China,RWEAR,18,1,95,16.61,,,,,,,,,,,,999.99,999.99,999.99,999.99,999.99,999.99,999.99,999.99,999.99,999.99,999.99,999.99,999.99,999.99,999.99,999.99,999.99,999.99,
92529S,JERSEY C/OUT XTREME CHA/C.BLU,FJPLOV,067300,61103091,00,10001,8O,67,EA,EA,1,1,0.35,2.8571,AWAIT CATEGORY,LCARDAB,FJAP,USProdStr,92529S,,B,China,RWEAR,18,1,95,16.61,,,,,,,,,,,,999.99,999.99,999.99,999.99,999.99,999.99,999.99,999.99,999.99,999.99,999.99,999.99,999.99,999.99,999.99,999.99,999.99,999.99,
92529M,JERSEY C/OUT XTREME CHA/C.BLU,FJPLOV,067300,61103091,00,10001,8O,67,EA,EA,1,1,0.35,2.8571,AWAIT CATEGORY,LCARDAC,FJAP,USProdStr,92529M,,B,China,RWEAR,18,1,95,16.61,,,,,,,,,,,,999.99,999.99,999.99,999.99,999.99,999.99,999.99,999.99,999.99,999.99,999.99,999.99,999.99,999.99,999.99,999.99,999.99,999.99,
92529L,JERSEY C/OUT XTREME CHA/C.BLU,FJPLOV,067300,61103091,00,10001,8O,67,EA,EA,1,1,0.35,2.8571,AWAIT CATEGORY,LCARDAD,FJAP,USProdStr,92529L,,B,China,RWEAR,18,1,95,16.61,,,,,,,,,,,,999.99,999.99,999.99,999.99,999.99,999.99,999.99,999.99,999.99,999.99,999.99,999.99,999.99,999.99,999.99,999.99,999.99,999.99,
92529XL,JERSEY C/OUT XTREME CHA/C.BLU,FJPLOV,067300,61103091,00,10001,8O,67,EA,EA,1,1,0.35,2.8571,AWAIT CATEGORY,LCARDAE,FJAP,USProdStr,92529XL,,B,China,RWEAR,18,1,95,16.61,,,,,,,,,,,,999.99,999.99,999.99,999.99,999.99,999.99,999.99,999.99,999.99,999.99,999.99,999.99,999.99,999.99,999.99,999.99,999.99,999.99,
92529XXL,JERSEY C/OUT XTREME CHA/C.BLU,FJPLOV,067300,61103091,00,10001,8O,67,EA,EA,1,1,0.35,2.8571,AWAIT CATEGORY,LCARDAF,FJAP,USProdStr,92529XXL,,B,China,RWEAR,18,1,95,16.61,,,,,,,,,,,,999.99,999.99,999.99,999.99,999.99,999.99,999.99,999.99,999.99,999.99,999.99,999.99,999.99,999.99,999.99,999.99,999.99,999.99,
95993XS,WMNS THERMAL QUILT JKT BLK,FJWNRV,067300,62029300,00,10001,8D,67,EA,EA,1,1,0.35,2.8571,AWAIT CATEGORY,LBQDEAA,FJOW,USProdStr,95993XS,,B,China,RWEAR,18,1,120,28.39,,,,,,,,,,,,999.99,999.99,999.99,999.99,999.99,999.99,999.99,999.99,999.99,999.99,999.99,999.99,999.99,999.99,999.99,999.99,999.99,999.99,
95993S,WMNS THERMAL QUILT JKT BLK,FJWNRV,067300,62029300,00,10001,8D,67,EA,EA,1,1,0.35,2.8571,AWAIT CATEGORY,LBQDEAB,FJOW,USProdStr,95993S,,B,China,RWEAR,18,1,120,28.39,,,,,,,,,,,,999.99,999.99,999.99,999.99,999.99,999.99,999.99,999.99,999.99,999.99,999.99,999.99,999.99,999.99,999.99,999.99,999.99,999.99,
95993M,WMNS THERMAL QUILT JKT BLK,FJWNRV,067300,62029300,00,10001,8D,67,EA,EA,1,1,0.35,2.8571,AWAIT CATEGORY,LBQDEAC,FJOW,USProdStr,95993M,,B,China,RWEAR,18,1,120,28.39,,,,,,,,,,,,999.99,999.99,999.99,999.99,999.99,999.99,999.99,999.99,999.99,999.99,999.99,999.99,999.99,999.99,999.99,999.99,999.99,999.99,
95993L,WMNS THERMAL QUILT JKT BLK,FJWNRV,067300,62029300,00,10001,8D,67,EA,EA,1,1,0.35,2.8571,AWAIT CATEGORY,LBQDEAD,FJOW,USProdStr,95993L,,B,China,RWEAR,18,1,120,28.39,,,,,,,,,,,,999.99,999.99,999.99,999.99,999.99,999.99,999.99,999.99,999.99,999.99,999.99,999.99,999.99,999.99,999.99,999.99,999.99,999.99,
95993XL,WMNS THERMAL QUILT JKT BLK,FJWNRV,067300,62029300,00,10001,8D,67,EA,EA,1,1,0.35,2.8571,AWAIT CATEGORY,LBQDEAE,FJOW,USProdStr,95993XL,,B,China,RWEAR,18,1,120,28.39,,,,,,,,,,,,999.99,999.99,999.99,999.99,999.99,999.99,999.99,999.99,999.99,999.99,999.99,999.99,999.99,999.99,999.99,999.99,999.99,999.99,
95993XXL,WMNS THERMAL QUILT JKT BLK,FJWNRV,067300,62029300,00,10001,8D,67,EA,EA,1,1,0.35,2.8571,AWAIT CATEGORY,LBQDEAF,FJOW,USProdStr,95993XXL,,B,China,RWEAR,18,1,120,28.39,,,,,,,,,,,,999.99,999.99,999.99,999.99,999.99,999.99,999.99,999.99,999.99,999.99,999.99,999.99,999.99,999.99,999.99,999.99,999.99,999.99,
95994XS,WMNS THERMAL QUILT JKT NVY,FJWNRV,067300,62029300,00,10001,8D,67,EA,EA,1,1,0.35,2.8571,AWAIT CATEGORY,LBQDFAA,FJOW,USProdStr,95994XS,,B,China,RWEAR,18,1,120,28.39,,,,,,,,,,,,999.99,999.99,999.99,999.99,999.99,999.99,999.99,999.99,999.99,999.99,999.99,999.99,999.99,999.99,999.99,999.99,999.99,999.99,
95994S,WMNS THERMAL QUILT JKT NVY,FJWNRV,067300,62029300,00,10001,8D,67,EA,EA,1,1,0.35,2.8571,AWAIT CATEGORY,LBQDFAB,FJOW,USProdStr,95994S,,B,China,RWEAR,18,1,120,28.39,,,,,,,,,,,,999.99,999.99,999.99,999.99,999.99,999.99,999.99,999.99,999.99,999.99,999.99,999.99,999.99,999.99,999.99,999.99,999.99,999.99,
95994M,WMNS THERMAL QUILT JKT NVY,FJWNRV,067300,62029300,00,10001,8D,67,EA,EA,1,1,0.35,2.8571,AWAIT CATEGORY,LBQDFAC,FJOW,USProdStr,95994M,,B,China,RWEAR,18,1,120,28.39,,,,,,,,,,,,999.99,999.99,999.99,999.99,999.99,999.99,999.99,999.99,999.99,999.99,999.99,999.99,999.99,999.99,999.99,999.99,999.99,999.99,
95994L,WMNS THERMAL QUILT JKT NVY,FJWNRV,067300,62029300,00,10001,8D,67,EA,EA,1,1,0.35,2.8571,AWAIT CATEGORY,LBQDFAD,FJOW,USProdStr,95994L,,B,China,RWEAR,18,1,120,28.39,,,,,,,,,,,,999.99,999.99,999.99,999.99,999.99,999.99,999.99,999.99,999.99,999.99,999.99,999.99,999.99,999.99,999.99,999.99,999.99,999.99,
95994XL,WMNS THERMAL QUILT JKT NVY,FJWNRV,067300,62029300,00,10001,8D,67,EA,EA,1,1,0.35,2.8571,AWAIT CATEGORY,LBQDFAE,FJOW,USProdStr,95994XL,,B,China,RWEAR,18,1,120,28.39,,,,,,,,,,,,999.99,999.99,999.99,999.99,999.99,999.99,999.99,999.99,999.99,999.99,999.99,999.99,999.99,999.99,999.99,999.99,999.99,999.99,
95994XXL,WMNS THERMAL QUILT JKT NVY,FJWNRV,067300,62029300,00,10001,8D,67,EA,EA,1,1,0.35,2.8571,AWAIT CATEGORY,LBQDFAF,FJOW,USProdStr,95994XXL,,B,China,RWEAR,18,1,120,28.39,,,,,,,,,,,,999.99,999.99,999.99,999.99,999.99,999.99,999.99,999.99,999.99,999.99,999.99,999.99,999.99,999.99,999.99,999.99,999.99,999.99,
95995XS,WMNS THERMAL QUILT VEST BLK,FJWNRV,067300,62029300,00,10001,8D,67,EA,EA,1,1,0.35,2.8571,AWAIT CATEGORY,LBQDGAA,FJOW,USProdStr,95995XS,,B,China,RWEAR,18,1,120,21.77,,,,,,,,,,,,999.99,999.99,999.99,999.99,999.99,999.99,999.99,999.99,999.99,999.99,999.99,999.99,999.99,999.99,999.99,999.99,999.99,999.99,
95995S,WMNS THERMAL QUILT VEST BLK,FJWNRV,067300,62029300,00,10001,8D,67,EA,EA,1,1,0.35,2.8571,AWAIT CATEGORY,LBQDGAB,FJOW,USProdStr,95995S,,B,China,RWEAR,18,1,120,21.77,,,,,,,,,,,,999.99,999.99,999.99,999.99,999.99,999.99,999.99,999.99,999.99,999.99,999.99,999.99,999.99,999.99,999.99,999.99,999.99,999.99,
95995M,WMNS THERMAL QUILT VEST BLK,FJWNRV,067300,62029300,00,10001,8D,67,EA,EA,1,1,0.35,2.8571,AWAIT CATEGORY,LBQDGAC,FJOW,USProdStr,95995M,,B,China,RWEAR,18,1,120,21.77,,,,,,,,,,,,999.99,999.99,999.99,999.99,999.99,999.99,999.99,999.99,999.99,999.99,999.99,999.99,999.99,999.99,999.99,999.99,999.99,999.99,
95995L,WMNS THERMAL QUILT VEST BLK,FJWNRV,067300,62029300,00,10001,8D,67,EA,EA,1,1,0.35,2.8571,AWAIT CATEGORY,LBQDGAD,FJOW,USProdStr,95995L,,B,China,RWEAR,18,1,120,21.77,,,,,,,,,,,,999.99,999.99,999.99,999.99,999.99,999.99,999.99,999.99,999.99,999.99,999.99,999.99,999.99,999.99,999.99,999.99,999.99,999.99,
95995XL,WMNS THERMAL QUILT VEST BLK,FJWNRV,067300,62029300,00,10001,8D,67,EA,EA,1,1,0.35,2.8571,AWAIT CATEGORY,LBQDGAE,FJOW,USProdStr,95995XL,,B,China,RWEAR,18,1,120,21.77,,,,,,,,,,,,999.99,999.99,999.99,999.99,999.99,999.99,999.99,999.99,999.99,999.99,999.99,999.99,999.99,999.99,999.99,999.99,999.99,999.99,
95995XXL,WMNS THERMAL QUILT VEST BLK,FJWNRV,067300,62029300,00,10001,8D,67,EA,EA,1,1,0.35,2.8571,AWAIT CATEGORY,LBQDGAF,FJOW,USProdStr,95995XXL,,B,China,RWEAR,18,1,120,21.77,,,,,,,,,,,,999.99,999.99,999.99,999.99,999.99,999.99,999.99,999.99,999.99,999.99,999.99,999.99,999.99,999.99,999.99,999.99,999.99,999.99,
95996XS,WMNS THERMAL QUILT VEST NVY,FJWNRV,067300,62029300,00,10001,8D,67,EA,EA,1,1,0.35,2.8571,AWAIT CATEGORY,LBQDHAA,FJOW,USProdStr,95996XS,,B,China,RWEAR,18,1,120,21.77,,,,,,,,,,,,999.99,999.99,999.99,999.99,999.99,999.99,999.99,999.99,999.99,999.99,999.99,999.99,999.99,999.99,999.99,999.99,999.99,999.99,
95996S,WMNS THERMAL QUILT VEST NVY,FJWNRV,067300,62029300,00,10001,8D,67,EA,EA,1,1,0.35,2.8571,AWAIT CATEGORY,LBQDHAB,FJOW,USProdStr,95996S,,B,China,RWEAR,18,1,120,21.77,,,,,,,,,,,,999.99,999.99,999.99,999.99,999.99,999.99,999.99,999.99,999.99,999.99,999.99,999.99,999.99,999.99,999.99,999.99,999.99,999.99,
95996M,WMNS THERMAL QUILT VEST NVY,FJWNRV,067300,62029300,00,10001,8D,67,EA,EA,1,1,0.35,2.8571,AWAIT CATEGORY,LBQDHAC,FJOW,USProdStr,95996M,,B,China,RWEAR,18,1,120,21.77,,,,,,,,,,,,999.99,999.99,999.99,999.99,999.99,999.99,999.99,999.99,999.99,999.99,999.99,999.99,999.99,999.99,999.99,999.99,999.99,999.99,
95996L,WMNS THERMAL QUILT VEST NVY,FJWNRV,067300,62029300,00,10001,8D,67,EA,EA,1,1,0.35,2.8571,AWAIT CATEGORY,LBQDHAD,FJOW,USProdStr,95996L,,B,China,RWEAR,18,1,120,21.77,,,,,,,,,,,,999.99,999.99,999.99,999.99,999.99,999.99,999.99,999.99,999.99,999.99,999.99,999.99,999.99,999.99,999.99,999.99,999.99,999.99,
95996XL,WMNS THERMAL QUILT VEST NVY,FJWNRV,067300,62029300,00,10001,8D,67,EA,EA,1,1,0.35,2.8571,AWAIT CATEGORY,LBQDHAE,FJOW,USProdStr,95996XL,,B,China,RWEAR,18,1,120,21.77,,,,,,,,,,,,999.99,999.99,999.99,999.99,999.99,999.99,999.99,999.99,999.99,999.99,999.99,999.99,999.99,999.99,999.99,999.99,999.99,999.99,
95996XXL,WMNS THERMAL QUILT VEST NVY,FJWNRV,067300,62029300,00,10001,8D,67,EA,EA,1,1,0.35,2.8571,AWAIT CATEGORY,LBQDHAF,FJOW,USProdStr,95996XXL,,B,China,RWEAR,18,1,120,21.77,,,,,,,,,,,,999.99,999.99,999.99,999.99,999.99,999.99,999.99,999.99,999.99,999.99,999.99,999.99,999.99,999.99,999.99,999.99,999.99,999.99,
94388XS,WMNS C/OUT XTREME CHARCOAL,FJPLOV,067300,61103099,00,10001,8O,67,EA,EA,1,1,0.35,2.8571,AWAIT CATEGORY,LCRLMAA,FJAP,USProdStr,94388XS,,B,China,RWEAR,18,1,95,19.91,,,,,,,,,,,,999.99,999.99,999.99,999.99,999.99,999.99,999.99,999.99,999.99,999.99,999.99,999.99,999.99,999.99,999.99,999.99,999.99,999.99,
94388S,WMNS C/OUT XTREME CHARCOAL,FJPLOV,067300,61103099,00,10001,8O,67,EA,EA,1,1,0.35,2.8571,AWAIT CATEGORY,LCRLMAB,FJAP,USProdStr,94388S,,B,China,RWEAR,18,1,95,19.91,,,,,,,,,,,,999.99,999.99,999.99,999.99,999.99,999.99,999.99,999.99,999.99,999.99,999.99,999.99,999.99,999.99,999.99,999.99,999.99,999.99,
94388M,WMNS C/OUT XTREME CHARCOAL,FJPLOV,067300,61103099,00,10001,8O,67,EA,EA,1,1,0.35,2.8571,AWAIT CATEGORY,LCRLMAC,FJAP,USProdStr,94388M,,B,China,RWEAR,18,1,95,19.91,,,,,,,,,,,,999.99,999.99,999.99,999.99,999.99,999.99,999.99,999.99,999.99,999.99,999.99,999.99,999.99,999.99,999.99,999.99,999.99,999.99,
94388L,WMNS C/OUT XTREME CHARCOAL,FJPLOV,067300,61103099,00,10001,8O,67,EA,EA,1,1,0.35,2.8571,AWAIT CATEGORY,LCRLMAD,FJAP,USProdStr,94388L,,B,China,RWEAR,18,1,95,19.91,,,,,,,,,,,,999.99,999.99,999.99,999.99,999.99,999.99,999.99,999.99,999.99,999.99,999.99,999.99,999.99,999.99,999.99,999.99,999.99,999.99,
94388XL,WMNS C/OUT XTREME CHARCOAL,FJPLOV,067300,61103099,00,10001,8O,67,EA,EA,1,1,0.35,2.8571,AWAIT CATEGORY,LCRLMAE,FJAP,USProdStr,94388XL,,B,China,RWEAR,18,1,95,19.91,,,,,,,,,,,,999.99,999.99,999.99,999.99,999.99,999.99,999.99,999.99,999.99,999.99,999.99,999.99,999.99,999.99,999.99,999.99,999.99,999.99,
94388XXL,WMNS C/OUT XTREME CHARCOAL,FJPLOV,067300,61103099,00,10001,8O,67,EA,EA,1,1,0.35,2.8571,AWAIT CATEGORY,LCRLMAF,FJAP,USProdStr,94388XXL,,B,China,RWEAR,18,1,95,19.91,,,,,,,,,,,,999.99,999.99,999.99,999.99,999.99,999.99,999.99,999.99,999.99,999.99,999.99,999.99,999.99,999.99,999.99,999.99,999.99,999.99,
94389XS,WMNS C/OUT XTREME NAVY,FJPLOV,067300,61103099,00,10001,8O,67,EA,EA,1,1,0.35,2.8571,AWAIT CATEGORY,LCRLNAA,FJAP,USProdStr,94389XS,,B,China,RWEAR,18,1,95,19.91,,,,,,,,,,,,999.99,999.99,999.99,999.99,999.99,999.99,999.99,999.99,999.99,999.99,999.99,999.99,999.99,999.99,999.99,999.99,999.99,999.99,
94389S,WMNS C/OUT XTREME NAVY,FJPLOV,067300,61103099,00,10001,8O,67,EA,EA,1,1,0.35,2.8571,AWAIT CATEGORY,LCRLNAB,FJAP,USProdStr,94389S,,B,China,RWEAR,18,1,95,19.91,,,,,,,,,,,,999.99,999.99,999.99,999.99,999.99,999.99,999.99,999.99,999.99,999.99,999.99,999.99,999.99,999.99,999.99,999.99,999.99,999.99,
94389M,WMNS C/OUT XTREME NAVY,FJPLOV,067300,61103099,00,10001,8O,67,EA,EA,1,1,0.35,2.8571,AWAIT CATEGORY,LCRLNAC,FJAP,USProdStr,94389M,,B,China,RWEAR,18,1,95,19.91,,,,,,,,,,,,999.99,999.99,999.99,999.99,999.99,999.99,999.99,999.99,999.99,999.99,999.99,999.99,999.99,999.99,999.99,999.99,999.99,999.99,
94389L,WMNS C/OUT XTREME NAVY,FJPLOV,067300,61103099,00,10001,8O,67,EA,EA,1,1,0.35,2.8571,AWAIT CATEGORY,LCRLNAD,FJAP,USProdStr,94389L,,B,China,RWEAR,18,1,95,19.91,,,,,,,,,,,,999.99,999.99,999.99,999.99,999.99,999.99,999.99,999.99,999.99,999.99,999.99,999.99,999.99,999.99,999.99,999.99,999.99,999.99,
94389XL,WMNS C/OUT XTREME NAVY,FJPLOV,067300,61103099,00,10001,8O,67,EA,EA,1,1,0.35,2.8571,AWAIT CATEGORY,LCRLNAE,FJAP,USProdStr,94389XL,,B,China,RWEAR,18,1,95,19.91,,,,,,,,,,,,999.99,999.99,999.99,999.99,999.99,999.99,999.99,999.99,999.99,999.99,999.99,999.99,999.99,999.99,999.99,999.99,999.99,999.99,
94389XXL,WMNS C/OUT XTREME NAVY,FJPLOV,067300,61103099,00,10001,8O,67,EA,EA,1,1,0.35,2.8571,AWAIT CATEGORY,LCRLNAF,FJAP,USProdStr,94389XXL,,B,China,RWEAR,18,1,95,19.91,,,,,,,,,,,,999.99,999.99,999.99,999.99,999.99,999.99,999.99,999.99,999.99,999.99,999.99,999.99,999.99,999.99,999.99,999.99,999.99,999.99,
