new,carryOver,Description,StdCst,TRADEUK1,TRADEEU1,TRADESK1,TRADEDK1,TRADENK1,TRADESF1,TRADEZR1,TRADEDO1,DOLDIST1,EUDIST1,DIRECT1,AGDISC1,CROWN1,McGuirk,MCCLE1,CLUBH1,MARRIOT1,BURHILL1
52012/29,52043/75 ; 52101,FJ Icon Black,54.43375448,150,209,1730,1550,1730,229.9,0,200,150,135.85,135,129,139.5,139.5,139.5,141,141,141
57002/4/5,,FJ Professional,27.44177103,72.5,94,832,689,832,103.4,0,95,71.25,61.1,65.25,62.35,67.425,67.425,67.425,68.15,68.15,68.15
53394,,DNA 2.0 w/Boa,47.99709335,94.095,126.5,1070,920,1070,139.2,1850,138,103.5,82.225,84.6855,80.9217,87.50835,87.50835,87.50835,88.4493,88.4493,88.4493
53383/85/87/88,,DNA 2.0,41.28339807,84.9,116.5,970,840,970,128.2,1650,125,93.75,75.725,76.41,73.014,78.957,78.957,78.957,79.806,79.806,79.806
53610/73/78/80/86,,DryJoys Tour,39.14157241,77,107,940,780,940,117.7,0,110,82.5,69.55,69.3,66.22,71.61,71.61,71.61,72.38,72.38,72.38
53534,,PRO SL Boa,37.24025655,79,105,910,770,910,115.5,0,112.5,84.375,68.25,71.1,67.94,73.47,73.47,73.47,74.26,74.26,74.26
53533/84/94,,PRO SL,30.23098924,70.8,96,830,710,830,105.6,1300,100,75,62.4,63.72,60.888,65.844,65.844,65.844,66.552,66.552,66.552
53619,,DryJoys Casual Boa,37.24025655,79,105,910,770,910,115.5,0,112.5,84.375,68.25,71.1,67.94,73.47,73.47,73.47,74.26,74.26,74.26
53646/57/88,,DryJoys Casual,30.23098924,70.8,96,830,710,830,105.6,1300,100,75,62.4,63.72,60.888,65.844,65.844,65.844,66.552,66.552,66.552
51008,51078,HyperFlex Boa,40.06950314,83,105,910,790,910,115.5,1600,116.5,87.375,68.25,74.7,71.38,77.19,77.19,77.19,78.02,78.02,78.02
51004/06,51022/46,HyperFlex,33.34888946,73.8,96,810,710,810,105.6,1425,104,78,62.4,66.42,63.468,68.634,68.634,68.634,69.372,69.372,69.372
62800/1/2,,HyperFlex Trainer (Internal Use only),24.63374621,50,68,650,510,650,74.8,1045,75,56.25,44.2,50,50,50,50,50,50,50,50
57334,,FreeStyle Boa,38.72109655,83,105,910,790,910,115.5,0,118,88.5,68.25,74.7,71.38,77.19,77.19,77.19,78.02,78.02,78.02
57330/1/2/3,,FreeStyle,31.64654234,73.8,96,810,710,810,105.6,1425,105,78.75,62.4,66.42,63.468,68.634,68.634,68.634,69.372,69.372,69.372
57250/1/2/3/4,,VersaLuxe,34.94903338,73.8,96,860,720,860,105.6,1550,110,82.5,62.4,66.42,63.468,68.634,68.634,68.634,69.372,69.372,69.372
54159/60,,Contour FIT w/Boa,32.83249655,72,94.4,830,750,830,103.9,0,85,63.75,61.36,64.8,61.92,66.96,66.96,66.96,67.68,67.68,67.68
54152/53/54/55,,Contour FIT,26.84029241,61.5,83.9,710,660,710,92.3,995,72,54,54.535,55.35,52.89,57.195,57.195,57.195,57.81,57.81,57.81
,54189/71,Contour w/Boa,32.83249655,72,94.4,830,750,830,103.9,0,85,63.75,61.36,64.8,61.92,66.96,66.96,66.96,67.68,67.68,67.68
54170,54018; 54130/48/93,Contour,26.84029241,61.5,83.9,710,660,710,92.3,995,72,54,54.535,55.35,52.89,57.195,57.195,57.195,57.81,57.81,57.81
54035/6,,Contour (Foremost styles),26.19041324,49.9,68.9,595,0,595,75.9,0,72,54,44.785,44.91,42.914,46.407,46.407,46.407,46.906,46.906,46.906
54211/22; 54216/63,54204/44,Contour Casual,21.95755586,54.5,71,650,550,650,78.2,950,67.5,46.2375,46.15,49.05,46.87,50.685,50.685,50.685,51.23,51.23,51.23
58107/14/15,,Energize w/Boa,32.13902455,55.7,74.05,680,570,680,81.5,0,76.5,57.375,48.1325,50.13,46.231,51.801,51.801,51.801,52.358,52.358,52.358
58116,,Energize,23.85074207,48.5,63.95,580,490,580,70.4,950,67.5,50.625,41.5675,43.65,40.255,45.105,45.105,45.105,45.59,45.59,45.59
50061,,HydroLite 2.0 w/Boa,32.13902455,55.7,74.05,680,570,680,81.5,0,76.5,57.375,48.1325,50.13,46.231,51.801,51.801,51.801,52.358,52.358,52.358
50052/54/55/62/63/64,,HydroLite 2.0,23.85074207,48.5,63.95,580,490,580,70.4,950,67.5,50.625,41.5675,43.65,40.255,45.105,45.105,45.105,45.59,45.59,45.59
53390 (Sept '15) ,53998,FJ Boot,26.13756745,47.1,65,585,485,585,71.5,0,67.5,50.625,42.25,42.39,40.506,43.803,43.803,43.803,44.274,44.274,44.274
57863/4/5,,AWD XL,21.66874942,40.9,54.9,475,401,475,60.4,0,64,48,35.685,36.81,35.174,38.037,38.037,38.037,38.446,38.446,38.446
57866/7/8,,AWD XL Casual,18.52855935,36.9,50.5,460,370,460,55.6,550,59,44.25,32.825,33.21,31.734,34.317,34.317,34.317,34.686,34.686,34.686
58025/26/27,,FJ Superlites XP,21.79827641,38,52,460,380,460,57.2,750,67.5,50.625,33.8,34.2,32.68,35.34,35.34,35.34,35.72,35.72,35.72
58016/8/9,58118 (S Afr),FJ Superlites CT,21.79827641,38,52,460,380,460,57.2,750,67.5,50.625,33.8,34.2,32.68,35.34,35.34,35.34,35.72,35.72,35.72
45300/1,,GreenJoys,16.12524869,29,39.9,354,293,354,43.9,0,45,33.75,25.935,24.0004,23.80001,26.97,26.97,26.97,27.26,27.26,27.26
45099,45023,Junior DNA / HyperFlex,20.58888669,27,37.5,340,280,340,41.3,590,40,32,28.125,24.3,23.22,25.11,25.11,25.11,25.38,25.38,25.38
,48203/11,Junior Girls,21.20572757,24.7,31,0,236,0,34.1,0,36,28.8,23.25,22.23,21.242,22.971,22.971,22.971,23.218,23.218,23.218
,12450,FirstJoys,99.82208772,150,195,1860,1500,1860,215,2695,168,126,146.25,135,129,139.5,139.5,139.5,141,141,141
,52100,MYJOYS - Premier FJ Icon,74.24292414,162,221,2030,1600,2030,243.1,3750,220,187,165.75,162,162,162,162,162,162,162,162
52042,52090,MYJOYS - FJ Icon w/Boa,77.12168138,142,195,1788,1410,1788,214.5,3150,182,154.7,146.25,142,142,142,142,142,142,142,142
52041,52080    ;    52010/40 ; 52180,MYJOYS - FJ Icon,69.28564966,135,184,1697,1350,1697,202.4,2975,170,144.5,138,135,135,135,135,135,135,135,135
52002,,MYJOYS - D.N.A. w/Boa,72.61060138,114,155,1395,1150,1395,170,2800,162,137.7,116.25,114,114,114,114,114,114,114,114
52001,,MYJOYS - D.N.A.,65.83517241,106,146,1295,1075,1295,160,2600,150,127.5,109.5,106,106,106,106,106,106,106,106
,52550,MYJOYS - Premier FJ Professional,64.58426207,128,177,1609,1280,1609,194,3200,182,154.7,132.75,128,128,128,128,128,128,128,128
,52530     ;    52270 ; 52300 ; 52390,MYJOYS - FJ Professional,59.20200828,111,153,1437,1110,1437,168,2400,132,112.2,114.75,111,111,111,111,111,111,111,111
,53780,MYJOYS - DryJoys Tour,60.46010483,96,130,1161,965,1161,143,1900,132,112.2,97.5,96,96,96,96,96,96,96,96
54287,,MYJOYS - Contour,49.36246345,84,114,1029.24,840,1029.24,125,1575,99,84.15,85.5,84,84,84,84,84,84,84,84
54271,,MYJOYS - Contour Casual,49.02393931,84,114,972,840,972,125,1575,99,84.15,85.5,84,84,84,84,84,84,84,84
98898,,Aspire Boa,43.52713655,84,116,961,853,961,127.6,1650,123,92.25,75.4,75.6,72.24,78.12,78.12,78.12,78.96,78.96,78.96
98895/97,,Aspire,36.0722869,77,105.5,850,750,850,116.1,1525,110,82.5,68.575,69.3,66.22,71.61,71.61,71.61,72.38,72.38,72.38
94820,,DNA Boa,43.52713655,84,116,961,853,961,127.6,1650,123,92.25,75.4,75.6,72.24,78.12,78.12,78.12,78.96,78.96,78.96
94805/6,,DNA,36.0722869,77,105.5,850,750,850,116.1,1525,110,82.5,68.575,69.3,66.22,71.61,71.61,71.61,72.38,72.38,72.38
91650/1,,Tailored Collection,25.30756138,66,91,0,0,0,100.1,0,96,72,59.15,59.4,56.76,61.38,61.38,61.38,62.04,62.04,62.04
96104,,emBody Boa,33.64265655,62.5,86.5,0,0,0,95.2,0,96,72,56.225,56.25,53.75,58.125,58.125,58.125,58.75,58.75,58.75
96000/1; 96100/1/3,,emBody,27.60842207,57.5,79.5,700,620,700,87.5,0,83,62.25,51.675,51.75,49.45,53.475,53.475,53.475,54.05,54.05,54.05
98004,,emPower Boa,31.29333655,54.5,75.5,700,620,700,83.1,1250,90,67.5,49.075,49.05,46.87,50.685,50.685,50.685,51.23,51.23,51.23
98000/1/2/3,,emPower,23.53270345,49.5,68.5,600,550,600,75.4,1075,77,57.75,44.525,44.55,42.57,46.035,46.035,46.035,46.53,46.53,46.53
97705/06/07/08/09/10/11,,Casual Collection,22.73193379,47.5,65,530,440,530,71.5,0,77,51.59,42.25,42.75,40.85,44.175,44.175,44.175,44.65,44.65,44.65
96109/96110,,emBody FJ Boot (AW '16),25.79705379,49.5,65,700,620,700,71.5,0,67.5,50.625,42.25,44.55,42.57,46.035,46.035,46.035,46.53,46.53,46.53
,98305/18,emBody FJ Boot (AW '15),25.78698979,47.65,62.8,592,490,592,69.1,0,67.5,50.625,40.82,42.885,40.979,44.3145,44.3145,44.3145,44.791,44.791,44.791
93906/7/8,,eMerge Spiked,15.35516966,37,49,450,380,450,53.9,0,59,44.25,31.85,33.3,31.82,34.41,34.41,34.41,34.78,34.78,34.78
93903/5,,eMerge Spikeless,17.13678897,34,47.5,450,380,450,52.3,795,58,43.5,30.875,30.6,29.24,31.62,31.62,31.62,31.96,31.96,31.96
95700/2/3,,enJoy,17.33466869,31.5,43.5,400,330,400,47.9,690,51,38.25,28.275,28.35,27.09,29.295,29.295,29.295,29.61,29.61,29.61
,99640/70,MYJOYS - DryJoys BOA,57.98224138,97.5,136,1237,977,1237,150,1950,135,114.75,102,97.5,97.5,97.5,97.5,97.5,97.5,97.5,97.5
,99630/60,MYJOYS - DryJoys,52.11113379,91.5,127,1145,916,1145,140,1825,120,102,95.25,91.5,91.5,91.5,91.5,91.5,91.5,91.5,91.5
,97330,MYJOYS - LoPro,46.70247172,73.9,103,926,741,926,113,1450,99,84.15,77.25,73.9,73.9,73.9,73.9,73.9,73.9,73.9,73.9
99643,,MYJOYS - LoPro Casual,45.17535172,73.9,103,926,741,926,113,1450,99,84.15,77.25,73.9,73.9,73.9,73.9,73.9,73.9,73.9,73.9
,52604/16,2015 AQL (AG spec),22.95559614,33.3,46,425,309,425,50.6,0,0,0,34.5,33.3,33.3,33.3,N/A,33.3,33.3,33.3,33.3
50016,,HydroLite SL (GolfStore),21.73690924,33.3,44.9,410,340,410,49.4,0,0,0,33.675,33.3,33.3,33.3,N/A,33.3,33.3,33.3,33.3
,53956,SoftJoys (Decathlon),21.94063964,30.6475,54.9,372,307.8,372,60.4,0,0,0,41.175,30.6475,30.6475,30.6475,N/A,30.6475,30.6475,30.6475,30.6475
93912,,eMerge (Decathlon),15.45713103,35,49,450,380,450,53.9,0,59,44.25,36.75,35,35,35,N/A,35,35,35,35
53834/5,,SoftJoys SD (Sports Direct - Mens),17.53630345,30,41.4,0,0,0,45.6,0,41,30.75,31.05,30,30,30,N/A,30,30,30,30
53836/7,,SoftJoys (Sports Direct - Mens),17.29254145,25,34.5,0,0,0,38,0,39,29.25,25.875,25,25,25,N/A,25,25,25,25
,64011,Pure Touch,6.05697531,12.1,16.3,143,120,143,18,0,15,12,11.41,10.648,10.043,10.89,10.89,10.89,10.89,10.89,10.89
6641E/2E/4E; 6650E,,StaSof Star (Tour Only),5.196413793,0,0,0,0,0,0,0,0,0,0,0,0,0,0,0,0,0,0
66747E/48E/49E,,StaSof,5.178695207,10.55,14.2,130,108,130,15.7,195,13.5,10.8,9.94,9.284,8.7565,9.495,9.495,9.495,9.495,9.495,9.495
,60003/37/60/94; 60128/51; 60241/74; 65706/44/51/68/75/82/91/99; 64814E; 65702E,FJ Spectrum,3.744665855,9.15,12.5,110,92,110,13.8,0,12,9.6,8.75,8.052,7.5945,8.235,8.235,8.235,8.235,8.235,8.235
,6620E/1E/2E,SciFlex Tour Star (Tour Only),4.860931034,0,0,0,0,0,0,0,0,0,0,0,0,0,0,0,0,0,0
,68007E/12E; 67032E/48E,SciFlex Tour,3.960486931,8.55,11.6,98,86,98,12.8,165,10.5,8.4,8.12,7.524,6.84,7.695,7.695,7.695,7.695,7.695,7.695
,68026,SciFlex Tour - Assorted 1/2 doz,22.87586207,51.3,69.6,588,516,588,76.8,0,63,50.4,48.72,45.144,41.04,46.17,46.17,46.17,46.17,46.17,46.17
,64508/15,StaCool,2.817938,7.55,10.1,90,76,90,11.2,0,8,6.4,7.07,6.644,6.2665,6.795,6.795,6.795,6.795,6.795,6.795
,68828/34/18; 67692;93,CabrettaSof,3.978810552,7.65,10.1,90,76,90,11.2,135,8.5,6.8,7.07,6.732,6.3495,6.885,6.885,6.885,6.885,6.885,6.885
,68723/46; 67667,SofJoy (AG SMU),3.508595648,6.15,8.3,72,59,72,9.2,0,8,6.4,5.81,N/A,6.15,N/A,N/A,N/A,N/A,N/A,N/A
64815E/16E/18E/20E/22E/24E/53E/60E/70E,,GTxtreme,2.710344828,7,9.6,85,65,85,10.6,120,8,6.4,6.72,6.16,5.6,6.3,6.3,6.3,6.3,6.3,6.3
64821E/50E,,GTxtreme - Fashion1/2 doz,16.29655172,42,57.6,510,390,510,63.6,720,48,38.4,40.32,36.96,33.6,37.8,37.8,37.8,37.8,37.8,37.8
66820E; 67882E,66241E/58E/70E/79E; 67860E/88E; 67901E/02E,WeatherSof ,2.049425287,4.95,6.8,60,51,60,7.5,85,6.5,5.2,4.76,4.356,3.96,4.455,4.455,4.455,4.455,4.455,4.455
,66294; 67800,WeatherSof - Fashion 1/2 doz,12.32413793,29.7,40.8,360,306,360,45,0,39,31.2,28.56,26.136,23.76,26.73,26.73,26.73,26.73,26.73,26.73
,66409E/13E; 67478E,WeatherSof - 2-glove,3.894252874,8.25,11.1,98,83,98,12.2,160,11,8.8,7.77,7.26,6.8475,7.425,7.425,7.425,7.425,7.425,7.425
,66432E,WeatherSof - 3-glove (1 x 3-Fer),5.768965517,11.85,15.7,149,120,149,17.3,0,14,11.2,10.99,10.428,9.8355,10.665,10.665,10.665,10.665,10.665,10.665
,66432/53; 67496,WeatherSof - 3-glove (Pk = 6 x 3-Fers),33.88965517,70.9,94.2,885,735,885,103.7,0,84,67.2,65.94,62.392,58.847,63.81,63.81,63.81,63.81,63.81,63.81
,67495E,WeatherSof - Pair,3.814942529,9.35,12.6,113,96,113,13.9,0,11,8.8,8.82,8.228,7.7605,8.415,8.415,8.415,8.415,8.415,8.415
,66538/49; 67270,RainGrip Xtreme,3.302608138,8.55,11.5,103,87,103,12.7,0,9.5,7.6,8.05,7.524,7.0965,7.695,7.695,7.695,7.695,7.695,7.695
,66560; 67288,RainGrip Xtreme - Pair,5.931034483,14.7,20.2,177,150,177,22.3,0,17,13.6,14.14,12.936,12.201,13.23,13.23,13.23,13.23,13.23,13.23
66556/66558/66569/67279,,2016 RainGrip (3s),6.995724552,17.85,24.3,219,180,219,26.7,315,20.25,16.2,17.01,15.708,14.8155,16.065,16.065,16.065,16.065,16.065,16.065
,66504/20; 67241,RainGrip,2.37089669,5.95,8.1,73,60,73,8.9,105,6.5,5.2,5.67,5.236,4.9385,5.355,5.355,5.355,5.355,5.355,5.355
66566/67280,,2016 RainGrip Pair (3prs),12.47586207,28.2,39.3,342,288,342,43.2,0,37.5,30,27.51,24.816,23.406,25.38,25.38,25.38,25.38,25.38,25.38
,66550; 67267,RainGrip - Pair,4.255172414,9.4,13.1,114,96,114,14.4,195,12,9.6,9.17,8.272,7.802,8.46,8.46,8.46,8.46,8.46,8.46
,66540E,RainGrip Bonus Pack,6.154022989,10,17.3,150,126,150,19,0,16,12.8,12.11,10,8.166,10,10,10,10,10,10
XXXXX,,WinterPlay Bonus Pack,5.317241379,10,15,135,115,135,16.5,0,0,0,10.5,8.8,9,9,9,9,9,9,9
66967/66979,,2016 WinterSof Pair (3prs),15.59544097,34.65,45,420,348,420,49.5,0,37.5,30,31.5,30.492,28.7595,31.185,31.185,31.185,31.185,31.185,31.185
,66965; 67402,WinterSof - Pair,5.215537793,11.55,15,140,116,140,16.5,0,12,9.6,10.5,10.164,9.5865,10.395,10.395,10.395,10.395,10.395,10.395
,66966,WinterSof - Assorted 3 Pair Pack,16.05578869,34.6,45,417,339,417,49.5,0,36,28.8,31.5,30.448,28.718,31.14,31.14,31.14,31.14,31.14,31.14
67729E/31E/35E ,,FJ Attitudes,2.682758621,7.6,10.1,91,76,91,11.1,0,8,6.4,7.07,6.688,6.308,6.84,6.84,6.84,6.84,6.84,6.84
67749E,,FJ Attitudes - Assorted Pairs Pack,13.51724138,42.45,56.7,507,426,507,62.4,0,43.5,34.8,39.69,37.356,35.2335,38.205,38.205,38.205,38.205,38.205,38.205
67120E,67109E,StaCooler (Traditional & Fashion),2.765239448,7.2,9.9,87,73,87,10.9,125,8,6.4,6.93,6.336,5.976,6.48,6.48,6.48,6.48,6.48,6.48
,67115,StaCooler (Fashion),16.1346091,43.2,59.4,522,436,522,65.4,0,48,38.4,41.58,38.016,35.856,38.88,38.88,38.88,38.88,38.88,38.88
65932E/39E/50E,,FootJoy Junior,1.675512145,4.35,5.85,53,44,53,6.5,70,5,4,4.095,3.828,3.6105,3.915,3.915,3.915,3.915,3.915,3.915
,,Ball marker upcharge,0.32,0.8,1.4,14,13,14,1.5,15,1.7,1.53,1.4,N/A,N/A,N/A,N/A,N/A,N/A,N/A,N/A
66747Q,,Q Mark StaSof,5.686185414,11.35,15.6,144,121,144,17.2,0,15.2,12.16,10.92,9.988,9.4205,10.215,10.215,10.215,10.215,10.215,10.215
,68007Q,Q Mark SciFlex Tour,4.539356448,9.35,13,112,99,112,14.3,0,12.3,9.84,9.1,8.228,7.7605,8.415,8.415,8.415,8.415,8.415,8.415
68828Q/34Q; 67692Q/93Q,68828Q/34Q; 67692Q/93Q,Q Mark CabrettaSof,4.538756483,8.45,11.5,104,89,104,12.7,150,10.2,8.16,8.05,7.436,7.0135,7.605,7.605,7.605,7.605,7.605,7.605
64815Q/16Q/18Q/22Q/53Q,,Q Mark GTxtreme,3.044137931,7.8,11,99,78,99,12.1,135,9.7,7.76,7.7,6.864,6.474,7.02,7.02,7.02,7.02,7.02,7.02
,66241Q/58Q/70Q; 67860Q/90Q; 67901Q,Q Mark WeatherSof,2.50045977,5.75,8.2,74,64,74,9,100,8.2,6.56,5.74,5.06,4.7725,5.175,5.175,5.175,5.175,5.175,5.175
,68011R/29R,Ryder Cup SciFlex,4.743164448,10.95,14.95,125,110,125,16.5,190,14,11.2,10.465,9.636,9.0885,9.855,9.855,9.855,9.855,9.855,9.855
,66370R/88R : 67905R/13R,Ryder Cup WeatherSof,2.753333333,6.95,9.9,85,75,85,10.9,120,9.5,7.6,6.93,6.116,5.7685,6.255,6.255,6.255,6.255,6.255,6.255
,QM12,Ball Markers (per doz),3.84,11,14,128,103,128,15.4,0,12,9.6,9.8,9.68,9.13,9.9,9.9,9.9,9.9,9.9,9.9
,,Crested envelope (eaches - add charge),1.09137931,1.95,2.7,27,0,27,3.2,0,4,3.2,2.7,N/A,N/A,N/A,N/A,N/A,N/A,N/A,N/A
Q66747,,Q Mark Sta Sof - WITHOUT Ball Markers,5.496452483,11.1,14.3,132,0,132,15.8,0,12.75,10.2,10.01,N/A,N/A,N/A,N/A,N/A,N/A,N/A,N/A
,68108E,Q Mark Sci-Flex Tour - WITHOUT Ball Markers,4.211861172,8.7,11.7,104,0,104,12.9,0,10.25,8.2,8.19,N/A,N/A,N/A,N/A,N/A,N/A,N/A,N/A
,Q68828; Q67692; Q67693,Q Mark CabrettaSof - WITHOUT Ball Markers,4.215662483,7.8,10.5,92,0,92,11.6,0,7.75,6.2,7.35,N/A,N/A,N/A,N/A,N/A,N/A,N/A,N/A
Q64815/16/18/22/53,,Q Mark GTxtreme - WITHOUT Ball Markers,2.61954023,7.15,9.8,87,0,87,10.8,0,8.25,6.6,6.86,N/A,N/A,N/A,N/A,N/A,N/A,N/A,N/A
,66306E/14E/22E; 67911E/27E/36E ,Q Mark WSof - WITHOUT Ball Markers,2.18045977,5.2,7,62,0,62,7.7,0,6.25,5,4.9,N/A,N/A,N/A,N/A,N/A,N/A,N/A,N/A
,18203H/12H,Compression Tour - High Crew - 1/2 Doz,15.94752828,40.5,55.2,492,405,492,60.8,0,60,51,41.4,35.64,34.425,35.64,35.64,35.64,35.64,35.64,35.64
,18504H/13H,Compression Tour - Sport - 1/2 Doz,12.64531034,37.5,51,454,375,454,56.1,0,45,38.25,38.25,33,31.875,33,33,33,33,33,33
17000H,,TechSof Tour Thermal - Crew - 1/2 Doz,11.13801379,35,47.4,423,350,423,52.2,0,42,35.7,35.55,30.8,29.75,30.8,30.8,30.8,30.8,30.8,30.8
17213H,,TechSof Tour - Crew - 1/2 Doz,13.9550069,35,47.4,423,350,423,52.2,690,42,35.7,35.55,30.8,29.75,30.8,30.8,30.8,30.8,30.8,30.8
17305H/6H,,TechSof Tour - Quarter - 1/2 Doz,11.97227752,30.7,41.4,370,305,370,45.6,600,36,30.6,31.05,27.016,26.095,27.016,27.016,27.016,27.016,27.016,27.016
17401H,,TechSof Tour - Sport - 1/2 Doz,11.10929821,30.7,41.4,370,305,370,45.6,0,36,30.6,31.05,27.016,26.095,27.016,27.016,27.016,27.016,27.016,27.016
,16008H/16H/24H/32H/41H,ProDry - Crew - 1/2 Doz,8.800329931,26.2,35.4,315,265,315,39,510,30,25.5,26.55,23.056,22.27,23.056,23.056,23.056,23.056,23.056,23.056
,16219H/27H,ProDry - Quarter - 1/2 Doz,7.918339862,22.9,30.6,275,230,275,33.7,0,27,22.95,22.95,20.152,19.465,20.152,20.152,20.152,20.152,20.152,20.152
,16704H/12H,ProDry - Sport - 1/2 Doz,7.110781241,22.9,30.6,275,230,275,33.7,420,27,22.95,22.95,20.152,19.465,20.152,20.152,20.152,20.152,20.152,20.152
16620H/22H,,ProDry - Roll-Tab - 1/2 Doz,8.298367448,22.9,30.6,275,230,275,33.7,0,27,22.95,22.95,20.152,19.465,20.152,20.152,20.152,20.152,20.152,20.152
,16503H,Lightweight ProDry - Crew - 1/2 Doz,7.15828469,22.9,30.6,275,230,275,33.7,0,30,25.5,22.95,20.152,19.465,20.152,20.152,20.152,20.152,20.152,20.152
,16608H/14H,Lightweight ProDry - Sport - 1/2 Doz,6.184551724,20,26.6,240,195,240,29.3,0,27,22.95,19.95,17.6,17,17.6,17.6,17.6,17.6,17.6,17.6
16068H,,ProDry - Crew - Solid Colour Collection - 1/2 Doz,11.06401324,25.6,34.6,325,260,325,37,0,30,25.5,25.95,22.528,21.76,22.528,22.528,22.528,22.528,22.528,22.528
,,ProDry - Crew - Fashion Colour Collection - 1/2 Doz,11.06401324,25.6,34.6,325,260,325,37,0,30,25.5,25.95,22.528,21.76,22.528,22.528,22.528,22.528,22.528,22.528
16020D/54D/60D/66D,,ProDry - Crew - Fashion Colour Collection - Doz,21.23376993,55.2,75.2,695,555,695,80.6,1020,60,51,56.4,48.576,46.92,48.576,48.576,48.576,48.576,48.576,48.576
,,ProDry - Sport - Fashion Colour Collection - 1/2 Doz,11.06401324,25.6,34.6,325,260,325,37,0,30,25.5,25.95,22.528,21.76,22.528,22.528,22.528,22.528,22.528,22.528
16658D/59D/60D/61D,,ProDry - Sport - Fashion Colour Collection - Doz,20.22658097,48.2,64.7,605,485,605,69,840,54,45.9,48.525,42.416,40.97,42.416,42.416,42.416,42.416,42.416,42.416
,,ProDry - Sport - White Fashion Asst - 3 Dozen,47.15486897,120,162,1440,1170,1440,178.2,0,162,137.7,121.5,105.6,102,105.6,105.6,105.6,105.6,105.6,105.6
,,ProDry - Sport - Black Fashion Asst - Dozen,72.32393931,166,225.6,1999,1665,1999,248.2,0,216,183.6,169.2,146.08,141.1,146.08,146.08,146.08,146.08,146.08,146.08
,16021P,ProDry - Fashion Sport - 4 Dozen,72.32393931,166,225.6,1999,1665,1999,248.2,0,216,183.6,169.2,146.08,141.1,146.08,146.08,146.08,146.08,146.08,146.08
,16523D/49D,ProDry - Crew - 2 pr Value Pack (6 x 2 pr banded),16.73697269,39.7,53.4,475,395,475,58.8,0,47.5,40.375,40.05,34.936,33.745,34.936,34.936,34.936,34.936,34.936,34.936
,16317D/24D/31D,ComfortSof - Crew - (4 x 3 pr banded),11.95692966,26.5,35.6,319,265,319,39.2,520,32,27.2,26.7,23.32,22.525,23.32,23.32,23.32,23.32,23.32,23.32
,15241D/33D,ComfortSof - Sport - (4 x 3 pr banded),8.823210483,21.1,28.2,252,210,252,31,415,30,25.5,21.15,18.568,17.935,18.568,18.568,18.568,18.568,18.568,18.568
15240D/14044D,,ComfortSof Sport Unisex - (6 x 2 pr banded),8.773434483,15,53.4,180,395,180,58.8,0,21.9,18.615,40.05,13.2,12.75,13.2,13.2,13.2,13.2,13.2,13.2
1014,,2015 Xmas Sock Pack UK (2 dz - 8 x 3pr),41.00606897,50,102.4,985,835,985,112.7,0,93.22,200.1776842,76.8,50,50,50,65,50,50,50,50
1015,,2015 Xmas Sock Pack Southern (2 dz - 8 x 3pr),34.95922924,75.7,101,875,725,875,111.1,0,93.22,200.1776842,75.75,75.7,75.7,75.7,96,75.7,75.7,75.7,75.7
,19105H/08H,TechSof Tour - Sport - 1/2 Doz,11.35473269,30.7,41.4,370,305,370,45.6,0,36,30.6,31.05,27.016,26.095,27.016,27.016,27.016,27.016,27.016,27.016
,19508H/14H,LTWT ProDry - Crew - 1/2 Doz,7.681638621,23,30.6,275,230,275,33.7,0,30,25.5,22.95,20.24,19.55,20.24,20.24,20.24,20.24,20.24,20.24
,19519H/26H/34H/41H,LTWT ProDry - Pom Pom - 1/2 Doz,6.042041379,20,27,240,200,240,29.7,390,27,22.95,20.25,17.6,17,17.6,17.6,17.6,17.6,17.6,17.6
16812H,,LTWT ProDry - Roll-Tab - 1/2 Doz,8.132193103,20,27,240,200,240,29.7,390,27,22.95,20.25,17.6,17,17.6,17.6,17.6,17.6,17.6,17.6
,19221H/39H,LTWT ProDry - Quarter - 1/2 Doz,6.802096552,20,27,240,200,240,29.7,0,27,22.95,20.25,17.6,17,17.6,17.6,17.6,17.6,17.6,17.6
,19316H,LTWT ProDry - Sportlet - 1/2 Doz,6.184551724,20,27,240,200,240,29.7,390,27,22.95,20.25,17.6,17,17.6,17.6,17.6,17.6,17.6,17.6
,19342H/66H,LTWT ProDry - Striped Sportlet - 1/2 Doz,8.132193103,20,27,240,200,240,29.7,390,27,22.95,20.25,17.6,17,17.6,17.6,17.6,17.6,17.6,17.6
,,LTWT ProDry - GolfLeisure Asst Sportlet - Doz,13.02651476,40.2,53.4,480,395,480,58.8,0,54,45.9,40.05,35.376,34.17,35.376,35.376,35.376,35.376,35.376,35.376
,19311P,LTWT ProDry - Assorted Argyle - Doz,13.02651476,40.2,53.4,480,395,480,58.8,0,54,45.9,40.05,35.376,34.17,35.376,35.376,35.376,35.376,35.376,35.376
19761P,,LTWT ProDry - Asst Fashion - 3 Dozen,47.15486897,120,162,1440,1170,1440,178.2,0,162,137.7,121.5,105.6,102,105.6,105.6,105.6,105.6,105.6,105.6
,14048D/63D,ComfortSof - Sportlet - (4 x 3 pr banded),7.664589793,21.1,28.2,250,210,250,31,420,27,22.95,21.15,18.568,17.935,18.568,18.568,18.568,18.568,18.568,18.568
,14322D,ComfortSof - Low Cut - (4 x 3 pr banded),7.664589793,21.1,28.1,250,210,250,31,420,27,22.95,21.075,18.568,17.935,18.568,18.568,18.568,18.568,18.568,18.568
19712P,,ComfortSof - Spinner - 4 doz,25.76172138,128,177.6,1530,1260,1530,195.4,0,144,122.4,133.2,112.64,108.8,112.64,112.64,112.64,112.64,112.64,112.64
,15017H,ProDry - Crew Assorted - 1/2 Doz,9.359122759,19,25.8,230,185,230,28.4,0,21,17.85,19.35,16.72,16.15,16.72,16.72,16.72,16.72,16.72,16.72
,15514H,ProDry - LowCut Assorted - 1/2 Doz,8.689178483,18.4,25.2,215,175,215,27.8,0,21,17.85,18.9,16.192,15.64,16.192,16.192,16.192,16.192,16.192,16.192
,12633/41/59/67/74/81,ProDry - Crew Crested - Doz,33.61636966,73,98.4,890,735,890,108.3,1295,72,61.2,73.8,64.24,62.05,64.24,64.24,64.24,64.24,64.24,64.24
,12505/12,ProDry - Quarter Crested - Doz,30.80812966,66.5,88.8,800,665,800,97.7,1140,66,56.1,66.6,58.52,56.525,58.52,58.52,58.52,58.52,58.52,58.52
,12551/68,ProDry - Sport Crested - Doz,29.85806069,66.5,88.8,800,665,800,97.7,1140,66,56.1,66.6,58.52,56.525,58.52,58.52,58.52,58.52,58.52,58.52
,12808,LTWT ProDry - Quarter Crested - Doz,27.71894897,60.5,81,725,600,725,89.1,1030,66,56.1,60.75,53.24,51.425,53.24,53.24,53.24,53.24,53.24,53.24
,12901/19/27,LTWT ProDry - Sportlet Crested - Doz,27.24391448,60.5,81,725,600,725,89.1,1030,66,56.1,60.75,53.24,51.425,53.24,53.24,53.24,53.24,53.24,53.24
,,Ryder Cup ProDry - Men's Crew - 1/2 Doz,10.91273954,31.0575,39,388.8,315.9,388.8,42.9,660,38,32.3,29.25,N/A,N/A,27.3306,N/A,27.3306,N/A,27.3306,27.3306
,,Ryder Cup ProDry - Men's Sport - 1/2 Doz,9.078526469,27.7775,35,345.6,283.5,345.6,38.5,570,35,29.75,26.25,N/A,N/A,24.4442,N/A,24.4442,N/A,24.4442,24.4442
,,Ryder Cup LTWT ProDry - Women's Sportlet - 1/2 Doz,6.645176234,24.9075,31.4,307.8,254.34,307.8,34.54,490,35,29.75,23.55,N/A,N/A,21.9186,N/A,21.9186,N/A,21.9186,21.9186
34611,,FJ Canvas Shoe Care Kit,5.324137931,10.2,13.8,125,100,125,15.2,0,17.5,14.875,10.35,9.18,8.67,8.976,8.976,8.976,9.18,8.976,8.976
,34610,Shoe Care Kit,5.412827586,10.2,13.8,125,100,125,15.2,250,16,13.6,10.35,9.18,8.67,8.976,8.976,8.976,9.18,8.976,8.976
,3301/02/03/04/05,Polish - pack of 6,5.860344828,9.3,12.6,115,95,115,13.9,180,15,12.75,9.45,8.37,7.905,8.184,8.184,8.184,8.37,8.184,8.184
33576,,Tour Lock Lite Spike (Bowl/400),57.10462069,110,143,1390,1120,1390,157.3,2750,160,136,107.25,99,93.5,96.8,96.8,96.8,99,96.8,96.8
33577,,Tour Lock Tornado (Clamshell),3.224965517,6.8,8.9,89,72,89,9.8,175,10,8.5,6.675,6.12,5.78,5.984,5.984,5.984,6.12,5.984,5.984
33578,,Tour Lock Pulsar (Clamshell),3.224965517,6.8,8.9,89,72,89,9.8,175,10,8.5,6.675,6.12,5.78,5.984,5.984,5.984,6.12,5.984,5.984
,33574,PINS Stealth (Clamshell),3.502,6.8,8.9,89,72,89,9.8,0,10,8.5,6.675,6.12,5.78,5.984,5.984,5.984,6.12,5.984,5.984
,33575,PINS Pulsar (Clamshell),3.502,6.8,8.9,89,72,89,9.8,0,10,8.5,6.675,6.12,5.78,5.984,5.984,5.984,6.12,5.984,5.984
,33572,FTS Cyclone Black/gold Clamshell (18),3.352827586,6.8,8.9,89,72,89,9.8,0,10,8.5,6.675,6.12,5.78,5.984,5.984,5.984,6.12,5.984,5.984
,33573,FTS Pulsar Black/white Clamshell (18),3.352827586,6.8,8.9,89,72,89,9.8,0,10,8.5,6.675,6.12,5.78,5.984,5.984,5.984,6.12,5.984,5.984
,34427,FTS Pulsar Black/white Box (18),3.352827586,6.8,8.9,89,72,89,9.8,0,10,8.5,6.675,6.12,5.78,5.984,5.984,5.984,6.12,5.984,5.984
,34797,FTS Lite Spikes (Pack of 18),2.955034483,5.7,7.6,68,55,68,8.4,0,9,7.65,5.7,5.13,4.845,5.016,5.016,5.016,5.13,5.016,5.016
,,Fashion Shoe Laces Pre-pack,0.109965517,0,0,0,0,0,0,325,15,12.75,0,0,0,0,0,0,0,0,0
,33910/51/28,Waxed Laces - pack of 24,5.61477629,15.9,21.6,205,160,205,23.8,325,15,12.75,16.2,14.31,13.515,13.992,13.992,13.992,14.31,13.992,13.992
,32151/44 ; 32201/27,Round Branded Laces - pack of 24,5.61477629,15.9,21.6,205,160,205,23.8,345,15,12.75,16.2,14.31,13.515,13.992,13.992,13.992,14.31,13.992,13.992
,33250S/M/L/XL ; 33260S/M,Shoe Trees Std. - Men's & Ladies,6.705655172,11.1,15,123,100,123,16.5,250,15,12.75,11.25,9.99,9.435,9.768,9.768,9.768,9.99,9.768,9.768
,33449/56/64/72    ; 33522/30/48,Cedar Shoe Trees Std. - Men's & Ladies,9.331509434,15.4,20.9,165,145,165,23,0,15.5,15.5,15.675,13.86,13.09,13.552,13.552,13.552,13.86,13.552,13.552
,31665,FJ Deluxe Shoe Bag,7.110273572,15.4,21.1,193,155,193,23.2,295,20,17,15.825,13.86,13.09,13.552,13.552,13.552,13.86,13.552,13.552
31603,,FJ Canvas Shoe Bag,12.96819579,21,29,270,220,270,31.9,0,42.5,36.125,21.75,18.9,17.85,18.48,18.48,18.48,18.9,18.48,18.48
,31672,FJ Nylon Shoe Bag,4.310486966,10.5,14.1,132,105,132,15.5,190,10,8.5,10.575,9.45,8.925,9.24,9.24,9.24,9.45,9.24,9.24
,31647,FJ Sport Locker Duffel,17.38161579,34.5,48,430,349,430,52.8,675,40,34,36,31.05,29.325,30.36,30.36,30.36,31.05,30.36,30.36
31600,,FJ Canvas Duffel Bag,19.56680897,35,48,450,359,450,52.8,0,67.5,57.375,36,31.5,29.75,30.8,30.8,30.8,31.5,30.8,30.8
,35735,Winter Headwear (Assorted) - dozen,41.20470455,94,128.4,1110,950,1110,141,0,120,102,96.3,84.6,79.9,82.72,82.72,82.72,84.6,82.72,82.72
,35736,Winter Headwear (Black) - 1/2 dozen,20.60198508,46.8,64.2,549,475,549,70.5,840,60,51,48.15,42.12,39.78,41.184,41.184,41.184,42.12,41.184,41.184
,35809,DryJoys Bucket Hats - 1/2 dozen,21.56065949,68.3,94.2,840,700,840,103.6,0,84,71.4,70.65,61.47,58.055,60.104,60.104,60.104,61.47,60.104,60.104
,35798,DryJoys Baseball Caps - 1/2 dozen,17.3852971,59,81,740,600,740,89.1,0,75,63.75,60.75,53.1,50.15,51.92,51.92,51.92,53.1,51.92,51.92
,35692,FJ Headband - 1/2 dozen,10.10095134,25.2,34.2,314,260,314,37.7,0,36,30.6,25.65,22.68,21.42,22.176,22.176,22.176,22.68,22.176,22.176
,35712,Winter Mitts - pair,6.344560055,13.3,18.3,167,135,167,20.2,280,20,17,13.725,11.97,11.305,11.704,11.704,11.704,11.97,11.704,11.704
,5762,Umbrella Double Canopy,8.525479103,23.5,31.9,290,240,290,35.1,395,28.5,24.225,23.925,21.15,19.975,20.68,20.68,20.68,21.15,20.68,20.68
,TB2SF10-FJ,FJ Tour Bag (not for resale),138.8272414,0,0,0,0,0,0,0,0,N/A,N/A,N/A,N/A,N/A,N/A,N/A,N/A,N/A,N/A
,,FJ Leather Croc / Snake Belt & Buckle,7.501496552,19,26.2,247,197,247,28.8,0,30,25.504,19.65,17.1,16.15,16.72,16.72,16.72,17.1,16.72,16.72
,,FJ Leather Smooth Belt & Buckle,7.501496552,19,26.2,247,197,247,28.8,0,30,25.504,19.65,17.1,16.15,16.72,16.72,16.72,17.1,16.72,16.72
,,FJ Canvas Fashion Collection Belts - 1/2 Doz ,7.501496552,19,26.2,247,197,247,28.8,0,30,25.504,19.65,17.1,16.15,16.72,16.72,16.72,17.1,16.72,16.72
69343/4/5,,FJ Leather Belt Croc / Snake Strap (Single),7.501496552,19,26.2,247,197,247,28.8,0,30,25.504,19.65,17.1,16.15,16.72,16.72,16.72,17.1,16.72,16.72
,69332/33,FJ Leather Belt Smooth Strap (Single),5.41302069,16,22.3,208,169,208,24.5,300,26,22.10346667,16.725,14.4,13.6,14.08,14.08,14.08,14.4,14.08,14.08
37015/6,37014,FJ Belt Buckle (Single),1.949749903,8.8,12.2,110,89,110,13.4,175,14,11.90186667,9.15,7.92,7.48,7.744,7.744,7.744,7.92,7.744,7.744
